1341846434.710184 0.000000000 0.000000000 0.000000000 -0.000000000 -0.000000000 -0.000000000 1.000000000
1341846434.746225 0.002940943 -0.004977516 -0.005849896 0.002431942 0.001926175 0.003627170 0.999988616
1341846434.778203 0.012255370 0.003820028 0.010820907 0.006195095 0.003277166 0.002640289 0.999971986
1341846434.810024 -0.003991743 0.008162988 -0.016800087 0.006207988 0.005912975 0.001941783 0.999961376
1341846434.846345 0.003811439 0.005464239 -0.014928811 0.004351594 0.005012004 -0.001691223 0.999976575
1341846434.878202 0.008434503 -0.002092823 -0.022210676 0.002480396 0.002569417 -0.008573815 0.999956846
1341846434.914148 0.017801208 -0.000870566 -0.038340874 0.002503968 -0.004067716 -0.018624924 0.999815106
1341846434.946443 0.045574345 -0.012040819 -0.047544148 -0.001022073 -0.020659966 -0.025980089 0.999448419
1341846434.978088 0.035615217 -0.015745109 -0.052204598 -0.000992681 -0.025435302 -0.029659385 0.999235928
1341846435.014019 0.049457621 -0.027868887 -0.051715918 -0.000348656 -0.032245040 -0.028538328 0.999072433
1341846435.045942 0.061332725 -0.027880212 -0.051518425 0.001329036 -0.035042234 -0.028732281 0.998971820
1341846435.077985 0.088206381 -0.037398327 -0.055825271 0.002991281 -0.036628507 -0.029630039 0.998885155
1341846435.113961 0.085949413 -0.036804184 -0.050479919 0.007094090 -0.034005225 -0.030528354 0.998930156
1341846435.146181 0.094559886 -0.046996687 -0.078933261 0.009234110 -0.035388228 -0.028693635 0.998918951
1341846435.182052 0.093465783 -0.047129501 -0.083488367 0.011360801 -0.038624436 -0.027422586 0.998812914
1341846435.213955 0.110579252 -0.052834559 -0.090023085 0.012787618 -0.045864169 -0.021832373 0.998627245
1341846435.246495 0.116500072 -0.059946418 -0.091907173 0.015418045 -0.051566362 -0.017021982 0.998405516
1341846435.281968 0.127158359 -0.054333966 -0.112424277 0.016983757 -0.061642393 -0.014518261 0.997848153
1341846435.319946 0.135567620 -0.049066767 -0.108341299 0.016245900 -0.069898166 -0.014719133 0.997313321
1341846435.382078 0.157263607 -0.060344871 -0.067095309 0.011766559 -0.080798425 -0.010822596 0.996602237
1341846435.414309 0.169502944 -0.076534264 -0.083642446 0.013213942 -0.083850086 -0.007594250 0.996361852
1341846435.450323 0.166202292 -0.065434828 -0.082553357 0.016429782 -0.088453703 -0.005752632 0.995928168
1341846435.482273 0.195308924 -0.054604240 -0.048359152 0.017862605 -0.091471486 -0.006080058 0.995628953
1341846435.513983 0.196831256 -0.056323972 -0.069229811 0.017823428 -0.088746287 -0.008480498 0.995858729
1341846435.550153 0.217824668 -0.043924097 -0.050729822 0.017114714 -0.089468032 -0.008181129 0.995809019
1341846435.582003 0.217205569 -0.058854714 -0.056402497 0.014653563 -0.090917990 -0.012464865 0.995672584
1341846435.618180 0.227475420 -0.070070297 -0.049246840 0.017130474 -0.097550005 -0.012373808 0.995006263
1341846435.650183 0.248198614 -0.065781407 -0.055568259 0.020706574 -0.105496153 -0.014028030 0.994105160
1341846435.681920 0.265174836 -0.063664928 -0.041149396 0.023186695 -0.107290506 -0.013813116 0.993861318
1341846435.717877 0.280296028 -0.060750272 -0.057381883 0.024609055 -0.108351305 -0.015525572 0.993686736
1341846435.750187 0.287608802 -0.066778123 -0.054271795 0.024286993 -0.111176990 -0.016625127 0.993364692
1341846435.782022 0.298470974 -0.067816071 -0.059841007 0.025305262 -0.115106620 -0.017095812 0.992883623
1341846435.818082 0.314749867 -0.069392920 -0.056348920 0.025582578 -0.119054288 -0.018039316 0.992394149
1341846435.849992 0.322140157 -0.077808857 -0.062351782 0.025909150 -0.121430591 -0.017800184 0.992102027
1341846435.886101 0.335917056 -0.071587048 -0.059506129 0.027210495 -0.126128495 -0.018672058 0.991464853
1341846435.918077 0.348529220 -0.073465466 -0.057572100 0.026799560 -0.129839242 -0.017005848 0.991026938
1341846435.950077 0.359869570 -0.083320633 -0.064846791 0.025554473 -0.133776635 -0.014635077 0.990573883
1341846435.986080 0.368227988 -0.086487621 -0.056272291 0.027056929 -0.138497785 -0.012844861 0.989909768
1341846436.018119 0.376212060 -0.078432940 -0.059419855 0.028913256 -0.144061700 -0.012158308 0.989071488
1341846436.050565 0.394822955 -0.073124230 -0.059503131 0.028325476 -0.149195731 -0.009813530 0.988353193
1341846436.085970 0.395049125 -0.072717212 -0.050379939 0.026257601 -0.152111009 -0.007433054 0.987986624
1341846436.118116 0.420152634 -0.079993576 -0.046012107 0.024394622 -0.158994839 -0.005104193 0.986964822
1341846436.153952 0.436887443 -0.075440645 -0.039028171 0.025750374 -0.162443519 -0.003338974 0.986376226
1341846436.185994 0.440163463 -0.083865874 -0.044082142 0.025839727 -0.163191140 -0.001921552 0.986254215
1341846436.218096 0.450405657 -0.080227897 -0.037161265 0.027520308 -0.167265803 0.000758526 0.985527396
1341846436.253965 0.462967873 -0.066481709 -0.042413212 0.028096806 -0.168396994 0.002540586 0.985315502
1341846436.286007 0.470679581 -0.076209962 -0.035649695 0.023883011 -0.168138951 0.002477189 0.985470831
1341846436.318164 0.476313531 -0.081758209 -0.020433899 0.024232149 -0.171367526 0.003318921 0.984903574
1341846436.354084 0.486903012 -0.067395784 -0.024917722 0.025563018 -0.173471853 0.002305589 0.984504402
1341846436.385958 0.488128513 -0.079708867 -0.023468833 0.022733480 -0.173264340 0.000413382 0.984612942
1341846436.422052 0.486365765 -0.078060210 -0.025673931 0.023939786 -0.175123200 -0.001112291 0.984254837
1341846436.453972 0.493421167 -0.088384561 -0.019486941 0.023932165 -0.180146843 0.000105023 0.983348548
1341846436.485966 0.501156688 -0.077188730 -0.015800014 0.025715265 -0.182541311 0.000687466 0.982861638
1341846436.522075 0.500567853 -0.074037038 -0.007740184 0.024040312 -0.185335115 -0.000435049 0.982381225
1341846436.553975 0.497386277 -0.085402369 -0.009809733 0.021677883 -0.190582290 -0.000474907 0.981431782
1341846436.590103 0.502651870 -0.084632635 -0.007683819 0.021036545 -0.197641864 -0.000205777 0.980048597
1341846436.622042 0.516894817 -0.085293129 -0.012240991 0.018387899 -0.202998921 -0.003228000 0.979000986
1341846436.654125 0.521104157 -0.088681832 0.018564973 0.017066641 -0.206509858 -0.005509975 0.978280187
1341846436.690078 0.520642340 -0.091896661 0.026449773 0.017325386 -0.211694390 -0.004859302 0.977170289
1341846436.722015 0.529344201 -0.088748828 0.015517466 0.017393520 -0.219175234 -0.007441290 0.975502074
1341846436.754167 0.534434497 -0.097828776 0.018228503 0.015994016 -0.225477144 -0.012193146 0.974040866
1341846436.790021 0.532920361 -0.100704558 0.038265955 0.019239260 -0.233015299 -0.008957796 0.972241521
1341846436.822079 0.567593932 -0.088050827 0.041716315 0.020966930 -0.243443504 -0.009531383 0.969641626
1341846436.858129 0.581725776 -0.084943257 0.030072883 0.017969465 -0.246784613 -0.010950544 0.968841910
1341846436.889894 0.582126200 -0.097949214 0.059549443 0.013998490 -0.249471605 -0.008530966 0.968243361
1341846436.922139 0.583021164 -0.092296779 0.072868824 0.015979005 -0.254036278 -0.004807936 0.967050731
1341846436.958108 0.603190243 -0.084414750 0.076233469 0.015324180 -0.259948850 0.001266193 0.965499938
1341846436.990096 0.609386384 -0.086443119 0.071481556 0.013664186 -0.263627410 0.000665686 0.964527547
1341846437.058136 0.617808580 -0.090901926 0.064314395 0.011482069 -0.270586073 0.002718247 0.962623477
1341846437.096585 0.638995588 -0.093632832 0.075826794 0.008710319 -0.276272357 0.006457744 0.961018205
1341846437.126102 0.648354650 -0.086575106 0.076031715 0.006878765 -0.279959291 0.006012043 0.959968448
1341846437.158050 0.652847946 -0.078316569 0.078166768 0.002227071 -0.282353103 0.005884069 0.959289968
1341846437.226114 0.660563886 -0.064310387 0.097098388 -0.011127370 -0.289376229 0.002828128 0.957146585
1341846437.258123 0.669968486 -0.075985461 0.109396681 -0.023931742 -0.291419864 0.004506048 0.956285238
1341846437.290095 0.683174312 -0.089046896 0.100239888 -0.031376418 -0.295108110 0.006624048 0.954925597
1341846437.326061 0.682625949 -0.078517325 0.110409670 -0.036775410 -0.299288362 0.006929453 0.953428566
1341846437.364153 0.689273775 -0.084072776 0.106337659 -0.043152787 -0.303720951 0.005481224 0.951767504
1341846437.396140 0.699275017 -0.092326552 0.114495307 -0.047500778 -0.308447897 0.005686722 0.950037539
1341846437.431962 0.700809598 -0.088658273 0.109971046 -0.050679274 -0.313906580 0.004818250 0.948088109
1341846437.464061 0.710050464 -0.069184586 0.138661176 -0.055104572 -0.320247561 0.002284033 0.945727110
1341846437.500080 0.719797015 -0.098228715 0.146721497 -0.063665889 -0.323814511 0.003512692 0.943969548
1341846437.536428 0.725411415 -0.105803676 0.151615292 -0.064531036 -0.327981174 0.004728567 0.942465782
1341846437.568842 0.729045868 -0.101750210 0.160071284 -0.058617666 -0.332651645 0.003777611 0.941218734
1341846437.600736 0.733713269 -0.095658444 0.162696242 -0.053270314 -0.334272891 0.003980937 0.940961301
1341846437.632742 0.746870100 -0.093873411 0.172927111 -0.051132239 -0.335171044 0.004296102 0.940758944
1341846437.669713 0.751659393 -0.091261968 0.174946010 -0.049020696 -0.335027874 0.003506434 0.940925658
1341846437.700232 0.877967358 -0.107342802 0.195771113 -0.051303152 -0.340000391 0.005845252 0.939006746
1341846437.739652 0.850872159 -0.108475804 0.201662123 -0.047994293 -0.331801325 -0.001801671 0.942125916
1341846437.795294 0.791708112 -0.103871785 0.199182481 -0.042454097 -0.316473097 -0.017871372 0.947482526
1341846437.830422 0.757309556 -0.095946081 0.201604411 -0.036683816 -0.312759161 -0.020489573 0.948902607
1341846437.863213 0.727716029 -0.093647085 0.201784000 -0.034277711 -0.310451448 -0.017951313 0.949801385
1341846437.930096 0.817383647 -0.109182909 0.193873987 -0.037495971 -0.306252629 -0.010376325 0.951154947
1341846437.961942 0.802756906 -0.106087305 0.213476792 -0.038682118 -0.307521254 -0.006089962 0.950735152
1341846437.994103 0.822531343 -0.092646942 0.205031097 -0.037761558 -0.310585499 -0.004279125 0.949785471
1341846438.030032 0.821487665 -0.072412848 0.214671895 -0.041336726 -0.309865296 -0.003951071 0.949873209
1341846438.068074 0.821430683 -0.102825068 0.227050751 -0.049640626 -0.310711175 -0.002043025 0.949205101
1341846438.130017 0.824606776 -0.106912635 0.250856787 -0.042149749 -0.315971881 -0.000481782 0.947831690
1341846438.164374 0.825391471 -0.093020573 0.248033106 -0.038904745 -0.314117014 -0.006049847 0.948567510
1341846438.198015 0.828229785 -0.103021249 0.260644048 -0.043469191 -0.312878728 -0.006883842 0.948772848
1341846438.229906 0.825893044 -0.119021773 0.264783621 -0.043897174 -0.312878519 -0.005823257 0.948760331
1341846438.262251 0.822055340 -0.100537553 0.275704414 -0.039694048 -0.311962664 -0.007085498 0.949238360
1341846438.298333 0.822531462 -0.097437076 0.280370414 -0.039843328 -0.305504590 -0.010556795 0.951298118
1341846438.329987 0.828193605 -0.113934010 0.300632775 -0.042010959 -0.300326556 -0.005487551 0.952895045
1341846438.366126 0.798533022 -0.086277582 0.263504952 -0.035750460 -0.292272687 -0.012391267 0.955586314
1341846438.398154 0.807646513 -0.086169772 0.277568370 -0.040959630 -0.288402617 -0.011419050 0.956564605
1341846438.430136 0.809774339 -0.116689183 0.279274195 -0.047908831 -0.280009478 -0.008551450 0.958762944
1341846438.465965 0.793846428 -0.113153279 0.277893007 -0.046144817 -0.274272650 -0.004432836 0.960534036
1341846438.530106 0.757446468 -0.092858762 0.261380196 -0.044704970 -0.265900850 -0.007288538 0.962935686
1341846438.566686 0.744809628 -0.103337139 0.269910604 -0.047039740 -0.264627188 -0.003503407 0.963196516
1341846438.598145 0.733445406 -0.097199179 0.275377572 -0.045109265 -0.265814662 0.000392827 0.962968111
1341846438.634113 0.745174646 -0.081703067 0.278946728 -0.043922674 -0.265546203 0.003929194 0.963089108
1341846438.665920 0.740923643 -0.079287499 0.281000882 -0.047830049 -0.256342530 0.003216145 0.965396583
1341846438.697986 0.722982228 -0.088397972 0.299782008 -0.048862640 -0.247206897 0.002736031 0.967726052
1341846438.734146 0.744898140 -0.080117792 0.285899103 -0.043766223 -0.240060061 0.009136016 0.969727933
1341846438.766996 0.710622430 -0.067207873 0.273018360 -0.044438623 -0.228140026 0.011415205 0.972546756
1341846438.801972 0.703314900 -0.069626331 0.276387542 -0.050368957 -0.216884390 0.009457503 0.974851191
1341846438.834118 0.687333703 -0.065505818 0.293511778 -0.051667117 -0.210075945 0.009425324 0.976273477
1341846438.865936 0.682055593 -0.083508939 0.294867456 -0.051463954 -0.204899475 0.014409292 0.977322936
1341846438.902045 0.665891945 -0.068440244 0.284588844 -0.045448523 -0.198553666 0.014784946 0.978924096
1341846438.934115 0.658776999 -0.069377325 0.260308594 -0.045866627 -0.191988796 0.009344601 0.980280221
1341846438.966314 0.647761762 -0.072305761 0.272379041 -0.046852753 -0.187560245 0.003390370 0.981129229
1341846439.001871 0.631131411 -0.073143117 0.284582704 -0.045974370 -0.181767493 0.003132838 0.982261240
1341846439.034612 0.617178559 -0.073559761 0.280301154 -0.044150937 -0.174024820 0.002168515 0.983748674
1341846439.070117 0.612140119 -0.073776931 0.286069572 -0.041290455 -0.168507367 0.001836636 0.984833539
1341846439.101969 0.602623641 -0.076849915 0.293056428 -0.037887089 -0.159568667 0.002471412 0.986456513
1341846439.134146 0.589462340 -0.073745050 0.279889494 -0.032077968 -0.151330173 0.002495715 0.987959504
1341846439.170111 0.578400910 -0.080340326 0.280669808 -0.028471475 -0.143103004 0.005394768 0.989283502
1341846439.202174 0.564606130 -0.075388640 0.272329092 -0.025104111 -0.134595275 0.005049564 0.990569770
1341846439.234198 0.554354310 -0.074955657 0.275055289 -0.023676889 -0.126947999 0.004809999 0.991615117
1341846439.269869 0.544847131 -0.077927187 0.276067227 -0.020691816 -0.118023880 0.003984020 0.992787182
1341846439.302022 0.530798852 -0.080931246 0.269958824 -0.016027233 -0.110176779 0.004418211 0.993772984
1341846439.338209 0.512562215 -0.069950834 0.269378424 -0.011979537 -0.104577422 0.003087049 0.994439840
1341846439.369920 0.495159507 -0.073454775 0.267129987 -0.012417288 -0.097492620 -0.000843372 0.995158494
1341846439.402179 0.474064082 -0.085784011 0.269005954 -0.009466506 -0.090790994 -0.002866099 0.995820880
1341846439.437979 0.457056671 -0.079105251 0.264361590 -0.003744864 -0.087788619 -0.001534799 0.996130943
1341846439.470001 0.448141247 -0.071700998 0.258425087 -0.000855846 -0.083962291 -0.000612326 0.996468425
1341846439.502101 0.431697458 -0.079616666 0.261198550 -0.000538793 -0.078538164 -0.002633138 0.996907532
1341846439.538102 0.410603404 -0.083465189 0.261072427 0.002963174 -0.074743547 -0.004562615 0.997187972
1341846439.570087 0.393962979 -0.084643915 0.248504803 0.006743348 -0.072796404 -0.003667237 0.997317255
1341846439.605986 0.384988725 -0.083236292 0.248044580 0.008809840 -0.069712594 -0.003108751 0.997523427
1341846439.638201 0.374457121 -0.082715884 0.245573148 0.010500297 -0.065743707 -0.002726179 0.997777581
1341846439.670177 0.359344572 -0.084659636 0.244069859 0.011822126 -0.061795071 -0.003328812 0.998013318
1341846439.706034 0.345516771 -0.081694931 0.242418528 0.013145546 -0.058101121 -0.003374797 0.998218477
1341846439.737939 0.341696531 -0.087724790 0.247777060 0.014094752 -0.055860549 -0.001564780 0.998337865
1341846439.774173 0.342090845 -0.084572040 0.245629892 0.016462805 -0.050671961 -0.000080127 0.998579681
1341846439.806288 0.326053053 -0.079914950 0.247752190 0.017961077 -0.043092795 0.000471406 0.998909533
1341846439.846398 0.314811170 -0.074791841 0.240457624 0.017296446 -0.036879253 -0.001196354 0.999169350
1341846439.906194 0.282582611 -0.084198624 0.242809266 0.014743107 -0.017655844 -0.006652588 0.999713361
1341846439.938149 0.262230575 -0.079686992 0.241598263 0.017111078 -0.010209532 -0.005670568 0.999785364
1341846439.974174 0.263475001 -0.066838361 0.228637367 0.015511519 -0.004905589 -0.005051985 0.999854982
1341846440.006174 0.252438486 -0.062324069 0.239450738 0.010100869 0.004770381 -0.008363781 0.999902666
1341846440.042214 0.221168891 -0.084614448 0.245823950 0.004742695 0.014618149 -0.006679467 0.999859631
1341846440.073971 0.206010550 -0.079985604 0.250951231 0.007193052 0.020385409 -0.002296632 0.999763727
1341846440.106449 0.197295085 -0.071466818 0.247215390 0.006574322 0.029115513 -0.003002234 0.999549985
1341846440.142076 0.171220541 -0.085377634 0.253635734 0.004617373 0.037965685 -0.003597876 0.999261916
1341846440.173898 0.158627734 -0.088693760 0.256760776 0.008192756 0.042706169 0.003208238 0.999049008
1341846440.206048 0.138670698 -0.073023655 0.255720019 0.011637689 0.048070878 0.006523432 0.998754859
1341846440.242218 0.119348995 -0.081949100 0.257951170 0.011611537 0.051107842 0.007921441 0.998594284
1341846440.274220 0.112970948 -0.085781053 0.259014189 0.016365202 0.052231155 0.006510270 0.998479724
1341846440.310040 0.113073222 -0.073192164 0.255408525 0.020384168 0.055897951 0.008333438 0.998193622
1341846440.341908 0.094003513 -0.070912436 0.258867264 0.020575797 0.062622495 0.009160489 0.997783184
1341846440.374065 0.074381895 -0.078499608 0.259780735 0.021482406 0.067791410 0.009478320 0.997423172
1341846440.410065 0.062571503 -0.074382462 0.257640988 0.024659676 0.071788564 0.007314693 0.997088253
1341846440.442063 0.054766610 -0.073173515 0.259714901 0.026942037 0.077235669 0.004983158 0.996636331
1341846440.474055 0.033293281 -0.073055349 0.257199526 0.028285688 0.082909182 0.001544952 0.996154428
1341846440.510034 0.018411964 -0.070103370 0.257028908 0.029266348 0.085810341 -0.001072139 0.995880961
1341846440.542081 0.004388565 -0.063714951 0.248975441 0.028314745 0.090949707 -0.003600730 0.995446384
1341846440.578060 -0.010397869 -0.066755719 0.260449111 0.025921099 0.096741378 -0.006742971 0.994949162
1341846440.610154 -0.025976436 -0.074866138 0.255464703 0.025956651 0.102246240 -0.008551736 0.994383693
1341846440.642042 -0.047104064 -0.067168243 0.256062806 0.027275162 0.106558770 -0.008550497 0.993895471
1341846440.678071 -0.060251202 -0.063368082 0.251387566 0.025753520 0.108628839 -0.006362434 0.993728399
1341846440.710213 -0.064398110 -0.059516653 0.246735200 0.023600930 0.112427272 -0.005827178 0.993362606
1341846440.742033 -0.087978646 -0.059577297 0.245726034 0.020221876 0.119577631 -0.005504686 0.992603660
1341846440.778145 -0.106765345 -0.062434260 0.248406395 0.017161908 0.123264633 -0.004009421 0.992217362
1341846440.810360 -0.121695720 -0.063878521 0.252542764 0.015303508 0.127181336 -0.004090454 0.991752982
1341846440.846329 -0.138397560 -0.071831815 0.260003418 0.014195737 0.133718759 -0.004443553 0.990907729
1341846440.878141 -0.163910791 -0.072880007 0.260069579 0.016305117 0.138018578 -0.000999968 0.990294993
1341846440.920960 -0.183869794 -0.046339683 0.250425965 0.018599207 0.139329255 0.001782350 0.990069866
1341846440.952308 -0.198389083 -0.044054203 0.260992438 0.013072019 0.143098116 0.002893693 0.989618003
1341846440.986714 -0.204200655 -0.069375984 0.269523442 0.008046791 0.146360725 0.006030408 0.989180207
1341846441.052118 -0.245365947 -0.065139502 0.269103229 0.015600463 0.142797977 0.015155701 0.989512920
1341846441.114116 -0.269280851 -0.062364876 0.256128758 0.017390076 0.147445902 0.016629700 0.988777459
1341846441.146132 -0.288658738 -0.059663214 0.265730023 0.017575057 0.146720901 0.016693609 0.988880932
1341846441.178054 -0.281452656 -0.054577947 0.255569041 0.016897691 0.144968465 0.016613185 0.989152551
1341846441.214136 -0.283834398 -0.061606064 0.253193289 0.013757864 0.151109070 0.014132790 0.988320351
1341846441.246039 -0.307409316 -0.067807302 0.263533562 0.013947757 0.156818047 0.011911436 0.987457216
1341846441.282130 -0.316833228 -0.062865473 0.263911933 0.016009502 0.158754379 0.010739677 0.987129927
1341846441.314084 -0.315755069 -0.059261315 0.250653535 0.015076347 0.161965460 0.009245180 0.986637950
1341846441.346088 -0.340307921 -0.065925360 0.259505361 0.013444318 0.169422746 0.006451436 0.985430717
1341846441.382129 -0.354707956 -0.072897702 0.271409690 0.015343602 0.171251446 0.004745672 0.985096455
1341846441.414517 -0.369176388 -0.068371430 0.269227147 0.017927315 0.171758026 0.004617629 0.984965265
1341846441.445996 -0.375477374 -0.066524073 0.262474775 0.018264333 0.172372594 0.003911602 0.984854758
1341846441.482023 -0.394068271 -0.069547862 0.261212081 0.016657637 0.175509661 0.002055502 0.984334648
1341846441.514114 -0.419227272 -0.084475145 0.257238269 0.015294552 0.175103337 0.002036424 0.984429181
1341846441.582260 -0.423592836 -0.069710955 0.262643188 0.020155875 0.172003463 0.005205585 0.984876454
1341846441.614425 -0.437382579 -0.078202322 0.273256302 0.018368341 0.175316513 0.003149824 0.984335721
1341846441.650563 -0.447788328 -0.091308750 0.285950840 0.020036992 0.175523549 0.003727032 0.984264314
1341846441.681977 -0.447505504 -0.075936019 0.277742743 0.024340725 0.174813315 0.005897143 0.984283030
1341846441.714170 -0.455158889 -0.064655185 0.270245075 0.021798383 0.179453224 0.004026751 0.983516753
1341846441.750023 -0.471510738 -0.068841755 0.281584769 0.017075583 0.184127226 0.003523286 0.982747793
1341846441.781910 -0.497913182 -0.072192952 0.283675104 0.014342285 0.188295767 0.006243149 0.981987834
1341846441.818076 -0.506948829 -0.069573134 0.287795037 0.012181001 0.191044897 0.005443561 0.981490672
1341846441.850011 -0.503019333 -0.067913331 0.291798204 0.008009753 0.193338037 0.004330758 0.981089950
1341846441.882149 -0.535750508 -0.067865975 0.290070266 0.004460266 0.198219165 0.004410028 0.980137646
1341846441.918074 -0.543964267 -0.069181278 0.295363724 -0.000834604 0.198839977 0.004565080 0.980021000
1341846441.950113 -0.556096196 -0.070861943 0.306938171 -0.006237206 0.201424643 0.004082433 0.979475677
1341846441.986157 -0.571083367 -0.079504214 0.313308716 -0.010137750 0.202655926 0.006650430 0.979174972
1341846442.018070 -0.583236575 -0.082622938 0.329379946 -0.011693544 0.202157333 0.009638702 0.979235888
1341846442.050044 -0.587321222 -0.082124405 0.330592930 -0.013176885 0.203497231 0.012816791 0.978902996
1341846442.086050 -0.598120630 -0.081901982 0.334260672 -0.016135491 0.207031146 0.016067367 0.978069365
1341846442.118273 -0.615813375 -0.099656694 0.353241980 -0.020160077 0.210847646 0.017932659 0.977146506
1341846442.150914 -0.628859937 -0.107566185 0.366771609 -0.018046530 0.211536437 0.018344982 0.977031291
1341846442.186309 -0.623681664 -0.106748596 0.366787761 -0.013061013 0.212577909 0.021953754 0.976810157
1341846442.254276 -0.612485528 -0.098830096 0.403079361 -0.011485224 0.220565245 0.020520907 0.975088716
1341846442.286112 -0.648170352 -0.110029422 0.342497766 -0.017026488 0.226698697 0.016915312 0.973669171
1341846442.318240 -0.694693208 -0.124120802 0.335198492 -0.027611580 0.240693942 0.013756671 0.970110714
1341846442.359932 -0.730754077 -0.131103396 0.326962322 -0.032922219 0.249848887 0.016624849 0.967582226
1341846442.417971 -0.795675159 -0.143602043 0.292127877 -0.043466303 0.265789568 0.012543210 0.962969005
1341846442.455016 -0.832551003 -0.144545376 0.323827237 -0.045924179 0.275608748 0.017198360 0.960018277
1341846442.486191 -0.828123450 -0.099524170 0.427477956 -0.039959490 0.283300519 0.028270990 0.957781255
1341846442.522074 -0.713321805 -0.085082158 0.446693271 -0.040595803 0.285390228 0.037147019 0.956830502
1341846442.553917 -0.740423799 -0.085372433 0.471594781 -0.047281325 0.301274747 0.034715034 0.951731503
1341846442.585989 -0.737889171 -0.089025021 0.470506132 -0.054406580 0.310972840 0.038243804 0.948089242
1341846442.627895 -0.798241019 -0.091713630 0.474350035 -0.055041052 0.331729591 0.034465935 0.941136599
1341846442.686166 -0.885908008 -0.089971796 0.509000003 -0.051210832 0.366869181 0.029251564 0.928401291
1341846442.721990 -0.779280305 -0.125668481 0.490260303 -0.057012822 0.353284538 0.024115104 0.933465600
1341846442.754276 -0.801448584 -0.129557878 0.503179371 -0.054777645 0.360289872 0.020770459 0.930999041
1341846442.790054 -0.807043910 -0.117709845 0.500468493 -0.052291464 0.362497181 0.021641759 0.930265069
1341846442.822072 -0.818634152 -0.117302582 0.504189074 -0.055994321 0.366476387 0.017026842 0.928584814
1341846442.854093 -0.840027213 -0.122444719 0.533804119 -0.058643065 0.372856438 0.021726239 0.925779164
1341846442.889944 -0.845739841 -0.128869891 0.554812312 -0.057159971 0.373564661 0.023910800 0.925532579
1341846442.922114 -0.847421527 -0.123127252 0.530472100 -0.055742919 0.371553153 0.021542784 0.926486313
1341846442.954040 -0.858781219 -0.130277842 0.559103489 -0.057154421 0.380427688 0.023332255 0.922747970
1341846442.989997 -0.866100788 -0.128469750 0.575032949 -0.052297506 0.379905313 0.025789615 0.923185706
1341846443.022264 -0.883399963 -0.123173147 0.587227643 -0.049015075 0.375483811 0.030709533 0.925022364
1341846443.058071 -0.863387048 -0.127981648 0.597730398 -0.049901161 0.374541998 0.034126047 0.925237060
1341846443.090123 -0.886740923 -0.130540997 0.603706241 -0.048113029 0.381142139 0.034123566 0.922632873
1341846443.122143 -0.885439873 -0.123051472 0.629491389 -0.044658847 0.379309952 0.038991854 0.923368394
1341846443.158076 -0.889933348 -0.126242757 0.636067033 -0.043180317 0.377239257 0.041911270 0.924158752
1341846443.190201 -0.895571470 -0.115709797 0.659688234 -0.040275190 0.380814821 0.043550380 0.922746658
1341846443.226121 -0.903967261 -0.121801876 0.652179778 -0.039937094 0.379646152 0.046818972 0.923082829
1341846443.257975 -0.902936459 -0.127515659 0.670769155 -0.041621089 0.377389669 0.047921725 0.923876762
1341846443.289997 -0.915244222 -0.126783475 0.654377460 -0.038871735 0.378155261 0.050521471 0.923544943
1341846443.326118 -0.894271374 -0.115652040 0.673147440 -0.036353670 0.376252502 0.054639589 0.924189925
1341846443.358067 -0.930538893 -0.126665890 0.673753619 -0.036092076 0.381305426 0.052700963 0.922239780
1341846443.390137 -0.921423495 -0.117214873 0.690148890 -0.034151945 0.381759793 0.053617019 0.922072887
1341846443.426198 -0.914654136 -0.097217217 0.688964963 -0.033015288 0.384310007 0.053451478 0.921064019
1341846443.458405 -0.946365595 -0.117889732 0.694983125 -0.038064931 0.391657978 0.052623436 0.917815864
1341846443.494173 -0.948944449 -0.120259464 0.701085210 -0.037586849 0.394523442 0.053035762 0.916583776
1341846443.558139 -0.963624358 -0.106281117 0.699107528 -0.044432454 0.405625761 0.054351665 0.911339402
1341846443.594027 -0.972347021 -0.117687121 0.718178034 -0.050508257 0.412733793 0.055403110 0.907761157
1341846443.626290 -0.974355221 -0.109193161 0.702535510 -0.051261138 0.416292965 0.060302597 0.905779243
1341846443.658166 -0.980265677 -0.108221859 0.711588442 -0.058320209 0.424481004 0.063483670 0.901323736
1341846443.694065 -0.989905179 -0.107849211 0.744843006 -0.062403262 0.434901386 0.062605850 0.896129012
1341846443.726282 -0.995164156 -0.109472021 0.765106976 -0.063818634 0.438975185 0.062985115 0.894013941
1341846443.770837 -1.003025651 -0.107245632 0.781350791 -0.063486084 0.442134261 0.065277152 0.892314792
1341846443.800403 -1.011318922 -0.099796697 0.781731904 -0.064062618 0.441656649 0.066521443 0.892418206
1341846443.831984 -1.012850761 -0.094519809 0.798209369 -0.070031427 0.441248715 0.068002231 0.892059922
1341846443.868057 -1.012379527 -0.097176977 0.820744038 -0.075112112 0.442266762 0.067529611 0.891177952
1341846443.900439 -1.027634621 -0.099769995 0.840603054 -0.076302998 0.441856503 0.068496369 0.891206503
1341846443.932086 -1.030651331 -0.106135763 0.851430058 -0.076489322 0.439378411 0.069467388 0.892339826
1341846443.993912 -1.046029091 -0.102367319 0.859598935 -0.073328324 0.440204889 0.066242926 0.892443061
1341846444.029924 -1.054540873 -0.099615827 0.867153227 -0.075575970 0.440759301 0.065958306 0.892002821
1341846444.061948 -1.057350993 -0.098746732 0.877880216 -0.079419754 0.439749807 0.064098127 0.892302692
1341846444.093984 -1.056380033 -0.097139440 0.889588237 -0.082250133 0.439679652 0.063776843 0.892103851
1341846444.129916 -1.056854606 -0.101886727 0.892002702 -0.083827063 0.439585090 0.064044327 0.891984582
1341846444.162326 -1.062296629 -0.093214765 0.899184406 -0.083193094 0.442155689 0.063967116 0.890778005
1341846444.198431 -1.069257975 -0.086009882 0.904809415 -0.084662862 0.441884518 0.066006467 0.890625298
1341846444.229953 -1.066327095 -0.087426834 0.911635220 -0.088437006 0.439290762 0.068776160 0.891331851
1341846444.261919 -1.064278126 -0.094032004 0.925270379 -0.088005260 0.437689811 0.071803898 0.891923189
1341846444.298029 -1.072953463 -0.079027690 0.916081309 -0.084891647 0.434389144 0.074912734 0.893581331
1341846444.335959 -1.074247479 -0.078706205 0.920273125 -0.092575885 0.430618137 0.074542657 0.894673765
1341846444.398189 -1.074251056 -0.080907226 0.930962622 -0.090919450 0.423580676 0.077065192 0.897983313
1341846444.429979 -1.076203823 -0.084944680 0.923247099 -0.093382396 0.419141591 0.076888479 0.899826825
1341846444.466022 -1.073133826 -0.086343117 0.926653564 -0.096239068 0.417446494 0.074737243 0.900494814
1341846444.498181 -1.076999426 -0.090926297 0.934880316 -0.096887358 0.415076643 0.074045390 0.901577234
1341846444.530364 -1.076711655 -0.094225116 0.927163959 -0.096832015 0.408298224 0.074255809 0.904655933
1341846444.566040 -1.073812008 -0.098636083 0.915502548 -0.097628102 0.404422641 0.072182208 0.906477213
1341846444.598132 -1.072092891 -0.095382974 0.908194661 -0.096696034 0.401703626 0.070084915 0.907949507
1341846444.630024 -1.069143414 -0.097388253 0.903851032 -0.095518008 0.397359073 0.070119038 0.909981012
1341846444.666108 -1.064013004 -0.103866763 0.883202493 -0.093734115 0.393088311 0.070781313 0.911967933
1341846444.697995 -1.051280737 -0.092562713 0.875919461 -0.088382363 0.393998623 0.072071359 0.912008405
1341846444.734205 -1.048971891 -0.100413322 0.866751611 -0.086847663 0.393648624 0.071008652 0.912390292
1341846444.766262 -1.041230440 -0.104742892 0.854388416 -0.082274407 0.392093927 0.071676172 0.913430810
1341846444.798037 -1.036513090 -0.101874784 0.832095265 -0.078130364 0.391087860 0.071849041 0.914212048
1341846444.833972 -1.033151865 -0.101831354 0.822054505 -0.077955700 0.390649766 0.070558056 0.914514780
1341846444.866116 -1.027573586 -0.107765317 0.810181618 -0.077248037 0.388706982 0.070817195 0.915382206
1341846444.898025 -1.020391464 -0.105896100 0.793141723 -0.074464045 0.385368556 0.071782365 0.916947961
1341846444.934155 -1.013670444 -0.098287702 0.776262820 -0.073766060 0.381905496 0.073106252 0.918347597
1341846444.972057 -1.008193254 -0.109346539 0.767639339 -0.077368326 0.379018754 0.072324961 0.919308484
1341846445.034071 -0.996150017 -0.106383413 0.733911812 -0.075280562 0.372463793 0.072663628 0.922129929
1341846445.065987 -0.989012361 -0.110168666 0.719550431 -0.078179434 0.368351400 0.072088629 0.923584580
1341846445.102399 -0.979788482 -0.118021406 0.710020542 -0.078479275 0.364602238 0.071012445 0.925128937
1341846445.134054 -0.970073462 -0.112019882 0.699991882 -0.075882837 0.359212011 0.069768958 0.927545607
1341846445.170198 -0.967123151 -0.114374280 0.682935357 -0.077254228 0.349874914 0.067208104 0.931183398
1341846445.202068 -0.956178427 -0.126952052 0.665032864 -0.076790467 0.343938202 0.062229689 0.933775842
1341846445.234202 -0.944316983 -0.115942158 0.658868611 -0.072632581 0.337964326 0.057819169 0.936569035
1341846445.270262 -0.933217049 -0.115119338 0.640712917 -0.072849087 0.327645957 0.053303905 0.940478504
1341846445.334212 -0.907897234 -0.116266854 0.617910504 -0.071642317 0.316398084 0.045080092 0.944842577
1341846445.370095 -0.902171671 -0.111114345 0.600369155 -0.071300961 0.309560031 0.041063245 0.947313368
1341846445.401934 -0.884662688 -0.110376045 0.573762059 -0.072789982 0.300499409 0.040105365 0.950154364
1341846445.437937 -0.867490292 -0.117078431 0.560406566 -0.073038138 0.296669513 0.040435813 0.951324165
1341846445.469984 -0.852256298 -0.121778399 0.547173381 -0.067845568 0.289119661 0.039565768 0.954065740
1341846445.502004 -0.851004601 -0.120536983 0.543710172 -0.062703669 0.281584799 0.035961088 0.956809878
1341846445.537946 -0.828774989 -0.105873436 0.538336873 -0.060126543 0.278067887 0.035142183 0.958033442
1341846445.570063 -0.819386423 -0.104897559 0.527227044 -0.060430635 0.273866415 0.031951439 0.959335446
1341846445.602021 -0.800029993 -0.102474041 0.514855981 -0.060970783 0.268552542 0.026802009 0.960959852
1341846445.638006 -0.787586153 -0.108620584 0.505898595 -0.060765762 0.266933173 0.026191719 0.961440742
1341846445.670085 -0.800205231 -0.114867963 0.506916344 -0.054684877 0.258263797 0.026681356 0.964156449
1341846445.706037 -0.781108141 -0.109539524 0.500488579 -0.048183680 0.242792383 0.028437765 0.968463480
1341846445.738075 -0.748517692 -0.093226150 0.479638010 -0.044579476 0.232155681 0.031139662 0.971157432
1341846445.770102 -0.735973001 -0.088181734 0.470414579 -0.045833386 0.221892864 0.029019250 0.973560929
1341846445.806006 -0.722330034 -0.093219474 0.460653365 -0.049329057 0.214467749 0.026247447 0.975131452
1341846445.838049 -0.706378341 -0.099908985 0.455307662 -0.048450343 0.209100187 0.025712194 0.976354778
1341846445.870081 -0.692771018 -0.095559835 0.451947421 -0.042610273 0.198602349 0.022482103 0.978895366
1341846445.906156 -0.677915156 -0.087584727 0.437071145 -0.041334625 0.190823719 0.018558284 0.980578184
1341846445.938036 -0.662610292 -0.083158784 0.425656885 -0.044386297 0.184036002 0.012888130 0.981832266
1341846445.974028 -0.635742188 -0.073932216 0.420162678 -0.048200596 0.176187053 0.005865754 0.983158469
1341846446.006089 -0.618705988 -0.087163560 0.421994805 -0.052759778 0.173444971 0.000794789 0.983429015
1341846446.038148 -0.614460886 -0.101791903 0.409618556 -0.047989208 0.168686405 0.001183798 0.984500170
1341846446.073973 -0.600297928 -0.101656735 0.403970361 -0.036847115 0.159245923 0.006196952 0.986531615
1341846446.106021 -0.574167132 -0.080672391 0.397208601 -0.030497693 0.150460273 0.007798268 0.988114774
1341846446.138290 -0.555914223 -0.075024903 0.391204625 -0.032585204 0.145376384 0.006667634 0.988817215
1341846446.174003 -0.556883931 -0.086966090 0.395001322 -0.034272172 0.141846910 0.006329869 0.989274919
1341846446.206154 -0.530757487 -0.087593779 0.381740838 -0.028780904 0.132951453 0.010228073 0.990651846
1341846446.242005 -0.499455810 -0.062065430 0.359560758 -0.026662912 0.129571006 0.013296100 0.991122484
1341846446.273991 -0.507924020 -0.067184582 0.357289672 -0.033136178 0.129278541 0.014369057 0.990950406
1341846446.306170 -0.494722486 -0.073663428 0.361561447 -0.034731746 0.121118806 0.018522335 0.991857290
1341846446.342032 -0.468621820 -0.058573954 0.352746904 -0.033475064 0.116112515 0.026508491 0.992317796
1341846446.373966 -0.465038180 -0.056109704 0.348594576 -0.037342116 0.112578318 0.028773787 0.992523968
1341846446.410081 -0.459109515 -0.059057988 0.352357119 -0.040817976 0.105939761 0.029339779 0.993101120
1341846446.441987 -0.438913196 -0.059407998 0.339532614 -0.043583333 0.101550229 0.031335939 0.993381143
1341846446.474066 -0.440124065 -0.056377899 0.339832842 -0.046097558 0.097661741 0.029766377 0.993705809
1341846446.510038 -0.435579598 -0.057987951 0.333738118 -0.048883528 0.090733752 0.027154956 0.994304061
1341846446.542120 -0.413659304 -0.068766959 0.323574871 -0.052931525 0.086928524 0.023142615 0.994538188
1341846446.574035 -0.410466015 -0.068473339 0.318881691 -0.052087732 0.085579634 0.019469554 0.994778395
1341846446.610113 -0.393682778 -0.051545467 0.309046268 -0.049560588 0.079336531 0.017043246 0.995469272
1341846446.642107 -0.356256247 -0.037999392 0.295696050 -0.051567808 0.074235335 0.016391942 0.995771646
1341846446.678096 -0.368878931 -0.048211880 0.291664749 -0.056752887 0.074300192 0.010332029 0.995566130
1341846446.710293 -0.358672589 -0.037789695 0.286164522 -0.057991691 0.066637389 0.010506310 0.996035218
1341846446.742013 -0.310910225 -0.028522255 0.275897473 -0.062585607 0.057258140 0.015398301 0.996276855
1341846446.778116 -0.313593984 -0.027652476 0.279349357 -0.067138888 0.055672590 0.015054747 0.996075451
1341846446.810247 -0.305344552 -0.034038499 0.273022622 -0.070602506 0.046541821 0.013687513 0.996324122
1341846446.842072 -0.277462602 -0.025800370 0.259756655 -0.072318412 0.039088603 0.016879579 0.996472418
1341846446.877989 -0.269602478 -0.027020875 0.256329566 -0.076893821 0.036905024 0.016760776 0.996215105
1341846446.910210 -0.252834231 -0.032006241 0.249330238 -0.080687046 0.032718640 0.017159937 0.996054590
1341846446.979416 -0.258727491 -0.018377235 0.247510031 -0.083960503 0.034344722 0.012590657 0.995797455
1341846447.048442 -0.232444182 -0.018647538 0.235901296 -0.080740772 0.030268593 0.014797515 0.996165514
1341846447.110128 -0.211369738 -0.013341831 0.222505033 -0.085879907 0.029920932 0.012080490 0.995782852
1341846447.146292 -0.194840863 -0.011097554 0.223501101 -0.087566338 0.031877488 0.010522207 0.995592892
1341846447.179789 -0.187785462 -0.010183336 0.221573770 -0.087409422 0.034898639 0.009042772 0.995519936
1341846447.216160 -0.189593881 -0.012982486 0.213059336 -0.088577852 0.037049282 0.007243736 0.995353639
1341846447.252104 -0.162448883 -0.023857163 0.222737864 -0.094681345 0.037454087 0.009278781 0.994759560
1341846447.284847 -0.176731691 -0.026942942 0.225734770 -0.097645290 0.044118818 0.006542772 0.994221449
1341846447.320107 -0.171391323 -0.027684968 0.225446850 -0.099134050 0.043184526 0.009933703 0.994086981
1341846447.352050 -0.154430285 -0.024030836 0.216323867 -0.100940377 0.041909970 0.011603612 0.993941665
1341846447.383924 -0.157046482 -0.024230523 0.216057509 -0.104837693 0.047293469 0.008903029 0.993324339
1341846447.420069 -0.149853602 -0.037587680 0.213633895 -0.110724784 0.047518123 0.011207310 0.992651224
1341846447.452015 -0.143185735 -0.038762257 0.212158322 -0.112449691 0.045192234 0.015000248 0.992515862
1341846447.488160 -0.138858929 -0.028902769 0.205121592 -0.112179406 0.045867868 0.014988257 0.992515683
1341846447.520057 -0.155751884 -0.034598533 0.208384931 -0.115717627 0.049640998 0.013840866 0.991944432
1341846447.551976 -0.162241295 -0.049743310 0.207650930 -0.119543679 0.046793178 0.016551783 0.991587520
1341846447.588058 -0.157184213 -0.033778533 0.204826534 -0.117468037 0.042303514 0.017517904 0.992020667
1341846447.620036 -0.154256761 -0.031478453 0.198331028 -0.121508621 0.040009677 0.018061310 0.991619229
1341846447.656059 -0.160854131 -0.034478713 0.196110606 -0.127708346 0.040419649 0.015629007 0.990864575
1341846447.688035 -0.163278088 -0.042714737 0.199253932 -0.131326005 0.039807584 0.017882006 0.990378261
1341846447.719948 -0.162561610 -0.042163163 0.197145179 -0.130830586 0.036127165 0.022012915 0.990501702
1341846447.756116 -0.163037926 -0.037752397 0.192783281 -0.131248534 0.034537245 0.024838243 0.990436316
1341846447.787990 -0.158231691 -0.042098638 0.185904339 -0.134907916 0.035135332 0.026924832 0.989868939
1341846447.823997 -0.167595416 -0.048323508 0.188292176 -0.138552591 0.038240310 0.027201800 0.989242613
1341846447.856048 -0.156010494 -0.054705746 0.185914338 -0.139577091 0.036572080 0.028651388 0.989120722
1341846447.888261 -0.151107341 -0.054005709 0.182129502 -0.138766259 0.038644906 0.028508201 0.989160180
1341846447.924141 -0.160392642 -0.056532182 0.179596618 -0.139238700 0.043655194 0.026588796 0.988938749
1341846447.956316 -0.167692065 -0.065782838 0.182325974 -0.140395567 0.045161560 0.026309956 0.988714993
1341846447.992036 -0.164898366 -0.065941446 0.178312644 -0.139296815 0.043660190 0.027494298 0.988905668
1341846448.024057 -0.153274372 -0.053683687 0.168672115 -0.139181763 0.042258613 0.026614511 0.989006698
1341846448.092100 -0.170804590 -0.071579739 0.169487730 -0.150630996 0.045313209 0.017896080 0.987388909
1341846448.150222 -0.171816275 -0.079524606 0.169421554 -0.158831343 0.045928743 0.015746763 0.986111164
1341846448.186133 -0.162157699 -0.110889412 0.177349895 -0.163448989 0.043715831 0.014078815 0.985482216
1341846448.218203 -0.158600271 -0.117185324 0.176741555 -0.157827601 0.040640403 0.014922767 0.986517191
1341846448.250175 -0.155468985 -0.117156819 0.167602509 -0.152704522 0.038032413 0.014801204 0.987428904
1341846448.286053 -0.147697672 -0.108907141 0.162312537 -0.149385169 0.037361138 0.013458544 0.987981379
1341846448.318080 -0.167770192 -0.103388540 0.156442046 -0.147585437 0.041962422 0.013754469 0.988063037
1341846448.350345 -0.171771586 -0.107798450 0.154073015 -0.147461593 0.040215999 0.015406711 0.988129795
1341846448.385982 -0.169986457 -0.107061297 0.147352025 -0.148463264 0.038309410 0.015456703 0.988054812
1341846448.417971 -0.180644602 -0.090735748 0.139519870 -0.150148153 0.040835366 0.014757881 0.987709641
1341846448.454017 -0.176552311 -0.107594855 0.145110473 -0.158626273 0.039280452 0.015427238 0.986436486
1341846448.486068 -0.169752404 -0.117910437 0.149868175 -0.162967861 0.035524510 0.013924171 0.985893369
1341846448.518032 -0.170986250 -0.109610900 0.144173622 -0.161838472 0.036115173 0.012560147 0.986076176
1341846448.553970 -0.180721626 -0.114370160 0.144583032 -0.165337399 0.038588293 0.012405237 0.985403836
1341846448.586105 -0.170913249 -0.135017455 0.156017169 -0.169585615 0.033503562 0.013090024 0.984858871
1341846448.621936 -0.164590567 -0.136111364 0.151106820 -0.166417196 0.031027930 0.011965956 0.985494554
1341846448.653943 -0.166039109 -0.127390593 0.143186644 -0.163533181 0.032768235 0.008943761 0.985952973
1341846448.686150 -0.182706803 -0.119740792 0.136961102 -0.164738595 0.036023978 0.008460067 0.985642970
1341846448.722086 -0.177317500 -0.125313371 0.135950238 -0.170517355 0.034725316 0.008860513 0.984702766
1341846448.753983 -0.146012962 -0.116290838 0.142081797 -0.175514311 0.032472823 0.010328368 0.983887017
1341846448.786053 -0.151230589 -0.120348178 0.139678180 -0.184395909 0.036365416 0.007117113 0.982153296
1341846448.822019 -0.164846510 -0.148661196 0.154806241 -0.191575199 0.036434587 0.008810662 0.980761886
1341846448.854125 -0.148497045 -0.150880933 0.156219155 -0.187147394 0.030103590 0.010236426 0.981817126
1341846448.890063 -0.161346450 -0.143324852 0.140918314 -0.183809504 0.032493372 0.008208062 0.982390404
1341846448.922419 -0.159014136 -0.139157400 0.137416750 -0.189589083 0.033100098 0.007252646 0.981278658
1341846448.954059 -0.150868714 -0.152389199 0.140763849 -0.203612134 0.033587381 0.004867755 0.978463292
1341846448.990056 -0.146823063 -0.144970268 0.137328908 -0.213845313 0.035308708 0.002932873 0.976224840
1341846449.022043 -0.154722244 -0.172079161 0.151343167 -0.227090046 0.038890779 0.001079204 0.973096371
1341846449.054021 -0.153811529 -0.165016562 0.151473761 -0.227894932 0.039752312 -0.000987082 0.972873449
1341846449.090060 -0.156243637 -0.185814172 0.159578890 -0.228879422 0.040384416 -0.001509564 0.972615600
1341846449.121998 -0.147010952 -0.183481231 0.158264965 -0.222300336 0.038448840 -0.001769108 0.974218249
1341846449.158114 -0.147138536 -0.196941257 0.156960234 -0.220230997 0.038214687 -0.003879728 0.974691212
1341846449.190066 -0.128322512 -0.196431682 0.146622777 -0.219664231 0.036829218 -0.005104260 0.974866807
1341846449.222044 -0.142378658 -0.186494038 0.145201504 -0.219551146 0.042836037 -0.004650653 0.974649072
1341846449.258032 -0.160356030 -0.203649908 0.159011334 -0.224265084 0.046319582 -0.001530984 0.973425567
1341846449.290278 -0.142079353 -0.226444364 0.161409378 -0.227262467 0.042248491 0.003666450 0.972909808
1341846449.321912 -0.139810890 -0.224145800 0.155855134 -0.226207078 0.043493524 0.006185959 0.973088086
1341846449.357984 -0.142019406 -0.227317303 0.159605294 -0.230248123 0.046059243 0.007091656 0.972015500
1341846449.390027 -0.134689093 -0.231199205 0.174795926 -0.231384695 0.047972001 0.011428633 0.971611619
1341846449.426101 -0.110570014 -0.262725830 0.187932909 -0.229023159 0.047027204 0.019950135 0.972079635
1341846449.458035 -0.147093445 -0.269561797 0.180629939 -0.226942196 0.054092232 0.016874934 0.972258449
1341846449.490185 -0.144344732 -0.269512892 0.184264556 -0.228774294 0.055023286 0.016601292 0.971781492
1341846449.525989 -0.137752354 -0.290127218 0.205757767 -0.234229997 0.057116430 0.018273480 0.970329940
1341846449.558288 -0.141367733 -0.305393100 0.221965820 -0.235899985 0.057526853 0.018105414 0.969904184
1341846449.594265 -0.170976728 -0.305401206 0.231227115 -0.229262546 0.060715515 0.015399327 0.971347094
1341846449.626133 -0.152236179 -0.314839780 0.236129150 -0.225267872 0.057321616 0.014885357 0.972495317
1341846449.658161 -0.149483010 -0.301555246 0.231127724 -0.223402277 0.057021972 0.013637111 0.972961485
1341846449.694129 -0.133446768 -0.314424753 0.250007242 -0.231233701 0.056227900 0.012544649 0.971191049
1341846449.725937 -0.162785381 -0.317749947 0.260219574 -0.234032989 0.063536279 0.012343141 0.970071912
1341846449.757969 -0.161573127 -0.321383893 0.266159058 -0.238887027 0.062742278 0.016299386 0.968881249
1341846449.794073 -0.134887040 -0.332718760 0.283944786 -0.245542511 0.056762177 0.015591996 0.967596948
1341846449.826150 -0.162734792 -0.329886824 0.298877597 -0.244181350 0.063433312 0.013260481 0.967561781
1341846449.861992 -0.179064199 -0.327704519 0.301216960 -0.240905836 0.064074226 0.011605793 0.968361616
1341846449.894052 -0.186781496 -0.325616658 0.321049064 -0.238269150 0.062286582 0.009693637 0.969151318
1341846449.925963 -0.207933739 -0.315425664 0.327853411 -0.230915189 0.068856925 0.009206823 0.970490694
1341846449.962133 -0.183682159 -0.303170562 0.323770523 -0.225901023 0.068496414 0.008127114 0.971705139
1341846449.994047 -0.141429365 -0.374351054 0.351127565 -0.240300879 0.063042663 0.007514487 0.968620002
1341846450.026443 -0.148115054 -0.383196175 0.366077363 -0.241031542 0.064548813 0.006478808 0.968346715
1341846450.062040 -0.135159135 -0.389467835 0.372337788 -0.240129247 0.062642865 0.005095388 0.968704224
1341846450.094160 -0.125779286 -0.395011336 0.376267552 -0.241360754 0.061589286 0.001689149 0.968477666
1341846450.130133 -0.127562359 -0.404909611 0.390901387 -0.245647818 0.062240858 -0.000628863 0.967358768
1341846450.161911 -0.138875961 -0.401813060 0.398804933 -0.246215641 0.064787954 -0.001135655 0.967046618
1341846450.194126 -0.133218735 -0.421269238 0.411587179 -0.251880258 0.064404093 -0.000970677 0.965612590
1341846450.230042 -0.157323092 -0.423638254 0.428210020 -0.256820917 0.068256557 -0.002264678 0.964043081
1341846450.262009 -0.162590027 -0.427620202 0.439810783 -0.260063946 0.066680647 -0.002546133 0.963282883
1341846450.294220 -0.171854004 -0.441461861 0.455505580 -0.260668576 0.065033607 -0.003831070 0.963227868
1341846450.330052 -0.156092972 -0.445743591 0.464307129 -0.259864271 0.057474442 -0.006858601 0.963908851
1341846450.361929 -0.149144128 -0.446624100 0.474067867 -0.259548545 0.054556992 -0.011515700 0.964119017
1341846450.398035 -0.155422032 -0.458451748 0.488366663 -0.262090713 0.056843981 -0.011099097 0.963303745
1341846450.429941 -0.164523780 -0.474331081 0.503974378 -0.265542060 0.056321636 -0.010141669 0.962399304
1341846450.461928 -0.144463539 -0.460102677 0.508025825 -0.262549251 0.048367430 -0.013699730 0.963608265
1341846450.498062 -0.149945945 -0.458771318 0.512510717 -0.261558086 0.047812827 -0.020393355 0.963787079
1341846450.529969 -0.145535976 -0.483312696 0.531038463 -0.267289042 0.045057502 -0.024555845 0.962249160
1341846450.561983 -0.140367284 -0.492386162 0.545846462 -0.271343887 0.041127592 -0.025861438 0.961255550
1341846450.598097 -0.147662580 -0.495334119 0.556143820 -0.272744209 0.040830161 -0.026353886 0.960858524
1341846450.630436 -0.158772960 -0.500185907 0.565042496 -0.274855435 0.039890882 -0.025531495 0.960318446
1341846450.666178 -0.175636843 -0.511112630 0.576519430 -0.278601974 0.037802003 -0.023043951 0.959385753
1341846450.698174 -0.185443044 -0.508855104 0.584912956 -0.279535919 0.034018200 -0.016640270 0.959388137
1341846450.730214 -0.191341624 -0.502121627 0.580620348 -0.278857201 0.029285906 -0.013901527 0.959785342
1341846450.765977 -0.164291441 -0.527868927 0.595024109 -0.286333442 0.017622935 -0.018555488 0.957788289
1341846450.798042 -0.161920905 -0.522233009 0.602446318 -0.286250025 0.013630546 -0.024687028 0.957739890
1341846450.834020 -0.156537175 -0.526080608 0.607100725 -0.287418932 0.011385955 -0.028713813 0.957306802
1341846450.866022 -0.164155781 -0.519183457 0.601226807 -0.288683087 0.013485577 -0.034457814 0.956709385
1341846450.898067 -0.167540863 -0.525889158 0.615806520 -0.295849502 0.013962171 -0.038539905 0.954354644
1341846450.934091 -0.158243179 -0.544561207 0.642676711 -0.302649021 0.008404260 -0.037452661 0.952328861
1341846450.966100 -0.154567346 -0.539990127 0.642363727 -0.299365759 0.003072810 -0.036745071 0.953425705
1341846450.998096 -0.149123594 -0.543329000 0.634746253 -0.300548106 -0.001666960 -0.040770367 0.952893436
1341846451.034057 -0.160419747 -0.542338133 0.637185812 -0.305380106 -0.000878973 -0.048193343 0.951009810
1341846451.068370 -0.159883037 -0.541958034 0.647745728 -0.309795260 -0.000363696 -0.051217794 0.949422777
1341846451.102153 -0.148459613 -0.565260947 0.672067344 -0.317030638 -0.006067951 -0.050806522 0.947034061
1341846451.133979 -0.159401640 -0.544463992 0.668053448 -0.314481735 -0.006000032 -0.053528223 0.947734118
1341846451.165987 -0.164854646 -0.546262503 0.677951932 -0.317224026 -0.005404077 -0.055500682 0.946709752
1341846451.202275 -0.166254580 -0.542834640 0.675392747 -0.316495717 -0.006294471 -0.054285590 0.947018445
1341846451.234790 -0.165997088 -0.533301055 0.671231985 -0.317869782 -0.006913159 -0.051354244 0.946717381
1341846451.302134 -0.160802513 -0.529947281 0.687583625 -0.312064916 -0.013081482 -0.049013175 0.948705554
1341846451.334095 -0.152515903 -0.529071450 0.675260961 -0.308667690 -0.012598665 -0.052197140 0.949653089
1341846451.370064 -0.162044436 -0.532128096 0.676222801 -0.310211986 -0.008586201 -0.053896520 0.949099600
1341846451.402007 -0.163016453 -0.535733223 0.680444479 -0.308553308 -0.007907609 -0.052874006 0.949703455
1341846451.434004 -0.155801356 -0.526381373 0.671072841 -0.300654143 -0.006747497 -0.050780091 0.952356577
1341846451.470107 -0.153950483 -0.524516582 0.662960052 -0.295963585 -0.003496096 -0.050318643 0.953866541
1341846451.502266 -0.153228790 -0.511103928 0.645865440 -0.289794952 0.001322391 -0.050362621 0.955761909
1341846451.534027 -0.150738865 -0.520403266 0.646849692 -0.290134847 0.006352305 -0.049527667 0.955682158
1341846451.570038 -0.152586937 -0.520578265 0.641204357 -0.288976967 0.010418260 -0.051462684 0.955895066
1341846451.601887 -0.157380015 -0.515292645 0.618703544 -0.286085933 0.015893582 -0.052072387 0.956656039
1341846451.637996 -0.153698891 -0.504172027 0.616214097 -0.285383433 0.018777588 -0.049998980 0.956924140
1341846451.669951 -0.153281122 -0.511126459 0.614373684 -0.284954190 0.021977466 -0.049882963 0.956990004
1341846451.702077 -0.156075940 -0.505827367 0.595386326 -0.280237496 0.026220385 -0.050412368 0.958247423
1341846451.737995 -0.161031023 -0.513346016 0.585975587 -0.280069828 0.028065994 -0.051774569 0.958171487
1341846451.770041 -0.151500165 -0.497437865 0.567072868 -0.275330961 0.028085368 -0.053711645 0.959436893
1341846451.806071 -0.147951126 -0.492162168 0.556072831 -0.274329782 0.031674836 -0.054043576 0.959593236
1341846451.838004 -0.156821966 -0.488493204 0.542880535 -0.275346428 0.034069456 -0.054614756 0.959187627
1341846451.870027 -0.154704794 -0.483177960 0.533341885 -0.278346568 0.032287616 -0.055963226 0.958305180
1341846451.905961 -0.149843484 -0.482088238 0.530003548 -0.278943688 0.033157937 -0.055140682 0.958149493
1341846451.937970 -0.168318182 -0.478176266 0.517858982 -0.277109236 0.037923589 -0.053371277 0.958605170
1341846451.970138 -0.164296418 -0.483260125 0.512086570 -0.274494857 0.034211602 -0.054193303 0.959450483
1341846452.006080 -0.178949088 -0.478591323 0.499328822 -0.265756756 0.033043660 -0.058770329 0.961679578
1341846452.037935 -0.182762280 -0.469610721 0.481588244 -0.258371383 0.029679080 -0.055590443 0.963988125
1341846452.073949 -0.186427534 -0.461615413 0.466554850 -0.252899051 0.025164599 -0.051132999 0.965812743
1341846452.105977 -0.175315589 -0.444268405 0.450170457 -0.246965751 0.020002576 -0.049672376 0.967543542
1341846452.138008 -0.160269141 -0.454501748 0.452255487 -0.248043567 0.016316243 -0.048035320 0.967419684
1341846452.174074 -0.186177209 -0.463709205 0.435463607 -0.244993389 0.019688375 -0.045371104 0.968262434
1341846452.206235 -0.182528853 -0.434123576 0.414115906 -0.228329703 0.014716847 -0.040283460 0.972638786
1341846452.238073 -0.181725144 -0.419488043 0.397534162 -0.219170079 0.012689440 -0.039858308 0.974789619
1341846452.274106 -0.177879468 -0.416380942 0.389185071 -0.214847535 0.012077745 -0.040447250 0.975735009
1341846452.306097 -0.158943459 -0.430754602 0.387890160 -0.211194560 0.009171680 -0.035442472 0.976758242
1341846452.342082 -0.175357163 -0.396668434 0.358191788 -0.198630720 0.012290923 -0.031477861 0.979491711
1341846452.374034 -0.161426947 -0.358809263 0.339729816 -0.191783234 0.011593820 -0.029443851 0.980927050
1341846452.406041 -0.162175149 -0.374048054 0.344172120 -0.195329309 0.015086441 -0.027859127 0.980225861
1341846452.442053 -0.186418325 -0.410159051 0.337325931 -0.198479354 0.018539980 -0.022862699 0.979663014
1341846452.474108 -0.184241176 -0.389671743 0.322235137 -0.190489113 0.012388388 -0.015082708 0.981495321
1341846452.506073 -0.190139756 -0.349230438 0.312075168 -0.183511510 0.013004468 -0.015679790 0.982806504
1341846452.542118 -0.198340178 -0.390409797 0.307890981 -0.192477569 0.015776981 -0.017398430 0.981020331
1341846452.574108 -0.197246432 -0.376516432 0.308791876 -0.187229395 0.013958956 -0.011424720 0.982150614
1341846452.610038 -0.188827679 -0.354539305 0.298006624 -0.177590817 0.009382312 -0.008965332 0.984018862
1341846452.642126 -0.186481714 -0.341701001 0.280679673 -0.171807528 0.009295637 -0.010653898 0.985029101
1341846452.674053 -0.193019658 -0.323117375 0.271520853 -0.168635100 0.011855598 -0.009204800 0.985564351
1341846452.709891 -0.200781301 -0.306809008 0.267735004 -0.167546779 0.014316037 -0.008539168 0.985723257
1341846452.742117 -0.205906764 -0.315338880 0.270003527 -0.169702739 0.017068181 -0.009686029 0.985299885
1341846452.774020 -0.186846703 -0.318318307 0.264379770 -0.169669420 0.016733756 -0.008988738 0.985318005
1341846452.810050 -0.207050547 -0.308985233 0.262938976 -0.167197630 0.022347236 -0.009945034 0.985619962
1341846452.842060 -0.214827627 -0.293974131 0.256044745 -0.163825795 0.024703383 -0.008134968 0.986146390
1341846452.910212 -0.229576081 -0.294393361 0.244153142 -0.162402734 0.031720862 -0.009583865 0.986168027
1341846452.942284 -0.226908073 -0.299875557 0.244486406 -0.160962522 0.030151406 -0.009176352 0.986457229
1341846452.978269 -0.228231892 -0.280411541 0.235385299 -0.153269202 0.030080611 -0.009854479 0.987677395
1341846453.010078 -0.236380234 -0.265284687 0.221621424 -0.151614636 0.034590967 -0.014337046 0.987730205
1341846453.046005 -0.250622928 -0.262791246 0.225149602 -0.155185655 0.039262965 -0.016203189 0.986971796
1341846453.078276 -0.260452002 -0.263927639 0.235840335 -0.156461686 0.039757226 -0.015868995 0.986755908
1341846453.111410 -0.270041794 -0.258893192 0.229983136 -0.151293769 0.040482663 -0.018855251 0.987479627
1341846453.152099 -0.262743205 -0.245340347 0.227433011 -0.146113366 0.040668268 -0.019795405 0.988233328
1341846453.210744 -0.271452397 -0.223338187 0.243502364 -0.136146858 0.041279364 -0.026342699 0.989477694
1341846453.246368 -0.281925082 -0.214926064 0.245208412 -0.128819466 0.041857354 -0.029940972 0.990331829
1341846453.281016 -0.275970608 -0.201666906 0.237916887 -0.121134937 0.041140266 -0.034636747 0.991178155
1341846453.346478 -0.294775456 -0.194364950 0.245885924 -0.109007217 0.043903176 -0.038055297 0.992341578
1341846453.413993 -0.283202827 -0.191852897 0.240597740 -0.096300401 0.044232003 -0.046681799 0.993272662
1341846453.447282 -0.284520656 -0.200991228 0.235233605 -0.087571107 0.044783007 -0.051768493 0.993803740
1341846453.489022 -0.303388596 -0.194466338 0.240903407 -0.074303515 0.044073172 -0.052268751 0.994889200
1341846453.520074 -0.291016728 -0.179640070 0.233540207 -0.059449714 0.041452482 -0.047868781 0.996220946
1341846453.552202 -0.298330367 -0.166659325 0.230474234 -0.047045413 0.043059357 -0.044704143 0.996962488
1341846453.588242 -0.301374435 -0.141640589 0.227925226 -0.038122687 0.042716671 -0.039301623 0.997585773
1341846453.619879 -0.290147096 -0.130733743 0.227472290 -0.036009852 0.041462462 -0.039187789 0.997721672
1341846453.656024 -0.297136396 -0.117474310 0.232321441 -0.033603232 0.043404814 -0.041829780 0.997615755
1341846453.687999 -0.306734055 -0.118575267 0.222050428 -0.028915711 0.046726145 -0.045533113 0.997450411
1341846453.720025 -0.291219890 -0.112843864 0.222902149 -0.024030933 0.044890698 -0.045573179 0.997662544
1341846453.756055 -0.308034003 -0.093058392 0.235924408 -0.016029883 0.048606191 -0.046548471 0.997604012
1341846453.787935 -0.301137030 -0.086932927 0.230748549 -0.011231584 0.046497472 -0.043230768 0.997919321
1341846453.824011 -0.292024761 -0.069352947 0.231236860 -0.008293211 0.045087773 -0.040885858 0.998111546
1341846453.855942 -0.314983964 -0.042349882 0.214229167 -0.005889025 0.049912632 -0.042221200 0.997843385
1341846453.888038 -0.313242793 -0.041127607 0.213867471 -0.005678911 0.049461059 -0.042074081 0.997873306
1341846453.924065 -0.315762430 -0.031136898 0.218027160 -0.002389005 0.049447980 -0.042944323 0.997850180
1341846453.955921 -0.324718714 -0.026700512 0.217001528 0.000980106 0.050840382 -0.043901276 0.997740924
1341846453.987940 -0.323366761 -0.044619590 0.219389111 0.005011770 0.048732486 -0.041723356 0.997927487
1341846454.024255 -0.313596278 -0.021785121 0.220690399 0.015079890 0.046609990 -0.042763833 0.997883499
1341846454.056313 -0.333723247 0.007260432 0.202075735 0.019900933 0.049141336 -0.047730289 0.997452259
1341846454.088076 -0.331945121 0.018853594 0.207388639 0.019854618 0.047278967 -0.049032647 0.997479975
1341846454.124105 -0.335435659 0.020430645 0.204570323 0.019283766 0.046475116 -0.049339518 0.997513831
1341846454.156054 -0.334991634 0.034364674 0.210892230 0.019656742 0.045478795 -0.048472498 0.997595012
1341846454.191955 -0.333048433 0.041002341 0.206776127 0.017309316 0.045078844 -0.048413690 0.997659445
1341846454.224008 -0.338648915 0.043849412 0.212695673 0.015887314 0.044917140 -0.050423857 0.997590899
1341846454.256124 -0.336379319 0.050577179 0.210694596 0.016463384 0.044435471 -0.050100751 0.997619331
1341846454.291937 -0.336789161 0.059079662 0.212899014 0.017062645 0.045382336 -0.051102482 0.997515857
1341846454.323981 -0.343570381 0.071377352 0.222392336 0.018225158 0.046473414 -0.053128161 0.997339249
1341846454.355934 -0.344582081 0.077719964 0.218805954 0.018028049 0.044775095 -0.049411289 0.997611582
1341846454.392062 -0.337055087 0.084597915 0.219453216 0.017950986 0.043789219 -0.046950754 0.997775495
1341846454.423951 -0.339332581 0.087520465 0.225018457 0.018773461 0.045100071 -0.045516912 0.997768462
1341846454.456041 -0.344502687 0.085920513 0.231753156 0.021146346 0.044636391 -0.043576252 0.997828424
1341846454.492065 -0.336237401 0.093733959 0.234618858 0.024788067 0.042926010 -0.040279925 0.997958183
1341846454.524037 -0.338316053 0.102521233 0.230934665 0.028217720 0.044735577 -0.042360019 0.997701466
1341846454.555946 -0.343998194 0.105492488 0.245377764 0.030871989 0.044018272 -0.039684273 0.997764766
1341846454.591893 -0.345697820 0.111044139 0.239623427 0.035137288 0.041286703 -0.036885098 0.997847855
1341846454.624115 -0.341573864 0.119557172 0.242593959 0.038827553 0.039279163 -0.035430592 0.997844875
1341846454.659990 -0.347970396 0.133311853 0.253692895 0.043431353 0.038764026 -0.035504688 0.997672617
1341846454.691970 -0.350553513 0.141218498 0.257559925 0.050529364 0.035894766 -0.032387715 0.997551739
1341846454.723925 -0.346195221 0.153353170 0.253548622 0.055849146 0.034098964 -0.031943001 0.997345388
1341846454.759924 -0.346426487 0.166125700 0.259595305 0.059512027 0.034273833 -0.033703018 0.997069597
1341846454.792135 -0.344344527 0.167291179 0.262380362 0.061931737 0.034042865 -0.034342229 0.996908367
1341846454.823976 -0.339357466 0.159590289 0.261776865 0.066915378 0.033586469 -0.029427800 0.996758938
1341846454.859970 -0.344682902 0.184753641 0.267142028 0.078587040 0.034498982 -0.025210157 0.995991170
1341846454.892266 -0.342740029 0.199214935 0.265433848 0.083324842 0.034027405 -0.023221718 0.995670617
1341846454.959988 -0.342540115 0.219414473 0.273147255 0.087347753 0.038124468 -0.022554314 0.995192587
1341846455.022227 -0.337139726 0.246854872 0.261733532 0.096065611 0.039594073 -0.017675946 0.994430184
1341846455.054099 -0.336666167 0.258377880 0.259108961 0.096213251 0.043978199 -0.016401121 0.994253516
1341846455.090050 -0.344144970 0.269598156 0.263231456 0.097768232 0.046793468 -0.013167039 0.994021297
1341846455.122055 -0.337956905 0.280657530 0.268672049 0.101427823 0.045407951 -0.008277486 0.993771613
1341846455.153946 -0.334504426 0.294445753 0.265348256 0.106011346 0.046946876 -0.006564147 0.993234396
1341846455.190190 -0.331034660 0.302074552 0.273925394 0.108389638 0.048118394 -0.001642423 0.992941916
1341846455.222061 -0.332365811 0.315371752 0.278730690 0.111620001 0.045976058 0.003167125 0.992681801
1341846455.258176 -0.329799175 0.331555009 0.273487240 0.112885348 0.043973219 0.003371670 0.992628813
1341846455.289996 -0.329624504 0.344073921 0.279170096 0.112892330 0.044291973 0.000625017 0.992619395
1341846455.322654 -0.337187499 0.350878358 0.276983529 0.112298273 0.043137174 -0.002114802 0.992735565
1341846455.358098 -0.343230247 0.361767590 0.287738383 0.113959000 0.038131908 0.003413773 0.992747545
1341846455.390002 -0.328145921 0.373179644 0.286374688 0.114229269 0.032619290 0.005344450 0.992904425
1341846455.422100 -0.324809521 0.395662874 0.298437983 0.113059141 0.034105431 -0.000140936 0.993002832
1341846455.458125 -0.326834589 0.391121835 0.312084705 0.110074885 0.033389974 0.001173079 0.993361652
1341846455.490042 -0.333582103 0.397282779 0.317239434 0.112804830 0.029142896 0.006282442 0.993169844
1341846455.525978 -0.326123118 0.419508308 0.310190588 0.116574496 0.026117101 0.008340533 0.992803454
1341846455.558173 -0.329434335 0.428373188 0.309655756 0.115120679 0.027567990 0.007296490 0.992942095
1341846455.590092 -0.332544565 0.431354910 0.326815784 0.116405942 0.026160853 0.006097517 0.992838442
1341846455.625973 -0.337574750 0.446412921 0.303911030 0.118496396 0.024123784 0.005727104 0.992644846
1341846455.658077 -0.331650734 0.458259344 0.317082137 0.120129518 0.022241462 0.005851428 0.992491841
1341846455.690122 -0.330890924 0.466881841 0.336441129 0.121722192 0.022188624 0.001783430 0.992314577
1341846455.726004 -0.329809964 0.471272469 0.343174189 0.126391485 0.019774161 0.002631933 0.991779864
1341846455.758157 -0.329389334 0.478873283 0.351817310 0.133222148 0.018615037 0.000876437 0.990911007
1341846455.826431 -0.322097212 0.503522873 0.378572673 0.144951090 0.016890548 -0.001417616 0.989293635
1341846455.858084 -0.305849075 0.508754075 0.398797899 0.154282644 0.013016019 0.003547844 0.987934649
1341846455.893948 -0.318121850 0.524541259 0.377782702 0.164258793 0.017093848 0.000689385 0.986268938
1341846455.926012 -0.322250187 0.531985879 0.364985436 0.169404760 0.020193268 -0.001452887 0.985338628
1341846455.958115 -0.321653843 0.535788238 0.367347240 0.176260397 0.018209236 0.002088280 0.984172940
1341846455.994972 -0.314402491 0.546128869 0.361493975 0.182383999 0.017731309 0.000864581 0.983067095
1341846456.026027 -0.313945204 0.555077732 0.368137509 0.186527550 0.019098863 -0.001527030 0.982262909
1341846456.061926 -0.318271458 0.558669269 0.381269425 0.191086501 0.018965576 -0.003300468 0.981384397
1341846456.093945 -0.308442652 0.572520018 0.374293059 0.196154669 0.017684486 -0.005880587 0.980395854
1341846456.126153 -0.314222187 0.591674924 0.359009743 0.199681073 0.018965676 -0.009718266 0.979629159
1341846456.162325 -0.316275567 0.596390307 0.370422065 0.200767457 0.020032542 -0.014660008 0.979324341
1341846456.194021 -0.303204268 0.603262365 0.383728921 0.207481652 0.019816240 -0.016479254 0.977899373
1341846456.229852 -0.316640854 0.610113800 0.379513592 0.213304251 0.020864902 -0.015187087 0.976644933
1341846456.262012 -0.326254278 0.625299990 0.368882239 0.216708302 0.023385406 -0.019304166 0.975765347
1341846456.293900 -0.335093200 0.647762835 0.372171074 0.218230456 0.025615279 -0.022026548 0.975312352
1341846456.330221 -0.322236300 0.641370296 0.396091282 0.221477985 0.025430512 -0.022551969 0.974572837
1341846456.362093 -0.328936517 0.665492535 0.366414458 0.225924239 0.025546905 -0.022397015 0.973552287
1341846456.394095 -0.338101655 0.675306737 0.358998924 0.226080105 0.025783667 -0.025963826 0.973421276
1341846456.429930 -0.336186528 0.677411258 0.338781387 0.223505571 0.024330495 -0.028115453 0.973993242
1341846456.462149 -0.348142117 0.685269117 0.344481200 0.223641545 0.024882762 -0.030537333 0.973875105
1341846456.498080 -0.341364205 0.695100665 0.355671018 0.224732548 0.021962808 -0.029831771 0.973716080
1341846456.529977 -0.337980270 0.703826308 0.368357629 0.226225823 0.021000860 -0.029027721 0.973415792
1341846456.562074 -0.334145874 0.714991152 0.387754679 0.227493495 0.022130594 -0.029142980 0.973091781
1341846456.598113 -0.355641872 0.724725723 0.357817978 0.227324635 0.020334689 -0.024331747 0.973302662
1341846456.629868 -0.355157435 0.737544119 0.370348692 0.229830235 0.015451849 -0.021040743 0.972880602
1341846456.662113 -0.347543746 0.749341071 0.390650749 0.229639113 0.015262640 -0.023895392 0.972862780
1341846456.697989 -0.345689684 0.753727853 0.383939952 0.227750719 0.015045938 -0.025806891 0.973261178
1341846456.730098 -0.347914726 0.765062153 0.386732846 0.228824005 0.012196003 -0.025755461 0.973050654
1341846456.766110 -0.341805756 0.771611750 0.392595828 0.228951797 0.011060595 -0.027292561 0.972992241
1341846456.798062 -0.341313839 0.780425549 0.406478494 0.229052186 0.012168889 -0.029315095 0.972896516
1341846456.830204 -0.348688722 0.777993321 0.398107827 0.229492053 0.012615068 -0.030880049 0.972738802
1341846456.866247 -0.349828899 0.793695331 0.402379245 0.232189700 0.010923287 -0.030065227 0.972144425
1341846456.898128 -0.344283581 0.801159561 0.403695345 0.233204693 0.010350250 -0.029811811 0.971915483
1341846456.929870 -0.345640659 0.815489173 0.403792381 0.233629480 0.012336108 -0.031586222 0.971734226
1341846456.966238 -0.350028455 0.813788414 0.412722498 0.233332962 0.012574231 -0.030830629 0.971826673
1341846456.997966 -0.345641524 0.825147927 0.406885087 0.236304462 0.010228071 -0.026698150 0.971258402
1341846457.034139 -0.344822854 0.844013572 0.405166805 0.238022834 0.011599680 -0.027428806 0.970802903
1341846457.066343 -0.350362033 0.838079393 0.416982740 0.236724839 0.012639720 -0.028414482 0.971078932
1341846457.098123 -0.344845980 0.845185161 0.414632946 0.238576740 0.011820025 -0.027881727 0.970651388
1341846457.133984 -0.343615919 0.855687380 0.418014467 0.240631700 0.011763921 -0.028176920 0.970136106
1341846457.165966 -0.345207006 0.855456531 0.407575995 0.241827950 0.009819740 -0.026691247 0.969902337
1341846457.198024 -0.336234927 0.857621729 0.417881310 0.246110737 0.010392264 -0.027661694 0.968791246
1341846457.234155 -0.347728252 0.867132902 0.408756971 0.248705357 0.013202830 -0.028015140 0.968083918
1341846457.266029 -0.346027941 0.872476399 0.401339501 0.249768928 0.012765323 -0.027105507 0.967841864
1341846457.302162 -0.343297809 0.879398525 0.407072663 0.249879465 0.014370823 -0.028649332 0.967746317
1341846457.334093 -0.344803721 0.879947901 0.406028986 0.248412162 0.016229505 -0.028269477 0.968105853
1341846457.365992 -0.337104380 0.884110510 0.417522907 0.248102054 0.017062405 -0.027096005 0.968204558
1341846457.401999 -0.324779183 0.879673421 0.421421111 0.248075485 0.018674025 -0.027730623 0.968163669
1341846457.434165 -0.336542755 0.885893822 0.419997066 0.245916516 0.022818947 -0.029532185 0.968572259
1341846457.470028 -0.343551725 0.882994413 0.420567453 0.242761835 0.023307402 -0.030162556 0.969336748
1341846457.502234 -0.332582712 0.878132164 0.412045509 0.240372807 0.021868339 -0.029825969 0.969975829
1341846457.534037 -0.331159830 0.885273874 0.407634765 0.237088233 0.025787614 -0.033684857 0.970561445
1341846457.570088 -0.336424708 0.881178737 0.418730855 0.230027467 0.029322371 -0.036708709 0.972049415
1341846457.601985 -0.333100736 0.862770021 0.412474573 0.223563030 0.029011982 -0.035375975 0.973615170
1341846457.634100 -0.322120607 0.856949091 0.410773575 0.220615432 0.031386729 -0.032440227 0.974315822
1341846457.670084 -0.322096229 0.844545305 0.416114211 0.217106104 0.035664298 -0.028008310 0.975094140
1341846457.701992 -0.316325426 0.826493084 0.414587498 0.214109853 0.038899891 -0.023625905 0.975748777
1341846457.738024 -0.311525881 0.805176020 0.420174599 0.214313209 0.042257253 -0.020638185 0.975632250
1341846457.770266 -0.312352479 0.797657907 0.416129023 0.216492876 0.045208097 -0.016558772 0.975096345
1341846457.802137 -0.307156533 0.780923426 0.412518471 0.217412129 0.047557097 -0.015885176 0.974791229
1341846457.838017 -0.300464571 0.758754134 0.399656862 0.217833847 0.051312108 -0.016756279 0.974492073
1341846457.870077 -0.304421306 0.755322576 0.411563098 0.219208136 0.054464184 -0.015801543 0.974028647
1341846457.902124 -0.299886554 0.737574935 0.408933014 0.218909010 0.053931892 -0.014260643 0.974149287
1341846457.937994 -0.289955318 0.727948368 0.406999111 0.220215380 0.057409789 -0.015556154 0.973636150
1341846457.970119 -0.299836755 0.715205789 0.409065753 0.217647433 0.059987903 -0.015289614 0.974062264
1341846458.006046 -0.294279635 0.698835433 0.397432923 0.214191630 0.059517898 -0.016884945 0.974830508
1341846458.038014 -0.285167634 0.688228667 0.392052025 0.211552650 0.063041128 -0.019293733 0.975140512
1341846458.070131 -0.289448351 0.673349857 0.397848368 0.208491579 0.066402003 -0.018078525 0.975599945
1341846458.106139 -0.287063420 0.657977343 0.395998031 0.206455186 0.065771349 -0.013621500 0.976148009
1341846458.138044 -0.280905992 0.646539092 0.389746219 0.204858691 0.066581108 -0.010623043 0.976466656
1341846458.169976 -0.281431615 0.635710180 0.389836907 0.200592488 0.069734365 -0.011178792 0.977125823
1341846458.205943 -0.290351957 0.613407850 0.383406937 0.194787174 0.071390592 -0.012109932 0.978169084
1341846458.238247 -0.286708564 0.594744503 0.379276246 0.190838903 0.069094174 -0.010633509 0.979128957
1341846458.273991 -0.277784675 0.587267458 0.375377059 0.187026590 0.068858273 -0.011348578 0.979872882
1341846458.306111 -0.286231399 0.566024244 0.374834478 0.180675760 0.069822744 -0.013263043 0.980971575
1341846458.344939 -0.279436350 0.544969559 0.366621196 0.177127212 0.067471951 -0.011435302 0.981805861
1341846458.406267 -0.277112991 0.514787078 0.355798304 0.171483710 0.066049442 -0.006846824 0.982946634
1341846458.442040 -0.274433345 0.500907660 0.356039107 0.167258561 0.066025034 -0.006654349 0.983677268
1341846458.473980 -0.273949772 0.479560435 0.352841824 0.163498551 0.065754794 -0.005337376 0.984335303
1341846458.506295 -0.275309682 0.466187388 0.346096903 0.160428569 0.064599685 -0.003336561 0.984925628
1341846458.541965 -0.271236241 0.454368144 0.343103707 0.155138880 0.063383326 -0.002759273 0.985853374
1341846458.573927 -0.271022767 0.426218808 0.344404846 0.148837596 0.062901504 -0.000781194 0.986858785
1341846458.606148 -0.266880155 0.420284957 0.333405465 0.147242978 0.062041007 0.001721393 0.987151206
1341846458.642017 -0.274955332 0.411069334 0.330283999 0.141490474 0.062270999 0.002705119 0.987975419
1341846458.673954 -0.275732011 0.399315000 0.323969364 0.134412915 0.059062663 0.004094184 0.989155233
1341846458.710158 -0.273092508 0.408883959 0.319907457 0.127089143 0.057739947 0.000995418 0.990208805
1341846458.741981 -0.273046702 0.373227000 0.330367774 0.111205772 0.054901455 -0.001191801 0.992279053
1341846458.773965 -0.278083235 0.366759002 0.314893633 0.102118582 0.048299260 -0.005102821 0.993585944
1341846458.810261 -0.273041099 0.338621885 0.310452431 0.090159215 0.045288451 -0.009639088 0.994850457
1341846458.845355 -0.270943999 0.321886778 0.308613509 0.085304357 0.044255245 -0.011906476 0.995300412
1341846458.910230 -0.270013064 0.303615212 0.290580809 0.082340144 0.041301925 -0.007575402 0.995719373
1341846458.942341 -0.272178859 0.300798982 0.285204947 0.079483196 0.042674150 -0.009614638 0.995875955
1341846458.979658 -0.275333703 0.292379081 0.288060874 0.075599693 0.042596873 -0.010624825 0.996171355
1341846459.010325 -0.279680580 0.286807984 0.288081408 0.071077242 0.040510282 -0.010312219 0.996594548
1341846459.052625 -0.274075925 0.282586902 0.275172472 0.063593954 0.038598038 -0.011926994 0.997157872
1341846459.078195 -0.273904622 0.265861332 0.282084942 0.053978205 0.038108639 -0.014158409 0.997714221
1341846459.110297 -0.272324741 0.258659780 0.273544729 0.046710331 0.037738372 -0.016977930 0.998050988
1341846459.156583 -0.281984717 0.242914125 0.277422667 0.039822232 0.039050974 -0.019265382 0.998257518
1341846459.209921 -0.269312412 0.220387965 0.261525720 0.034519646 0.037550639 -0.017215578 0.998549998
1341846459.246034 -0.276483417 0.218647063 0.255704075 0.030947592 0.039921030 -0.019764366 0.998527884
1341846459.278165 -0.276076764 0.226414174 0.249109358 0.024261547 0.040088493 -0.021977387 0.998659849
1341846459.310125 -0.270420104 0.217191398 0.238848165 0.013490688 0.040657558 -0.027445788 0.998705089
1341846459.346071 -0.272502184 0.205096006 0.238550916 0.002661925 0.043760855 -0.033888888 0.998463571
1341846459.378112 -0.269550055 0.186125085 0.236422464 -0.003978070 0.044731990 -0.034421433 0.998397946
1341846459.409983 -0.262153983 0.169289276 0.234885633 -0.004352273 0.047309916 -0.036063578 0.998219550
1341846459.446124 -0.261385888 0.167685822 0.237586230 -0.002438031 0.051768482 -0.039314739 0.997882009
1341846459.478285 -0.266366929 0.166794375 0.237830356 -0.002374820 0.053765282 -0.043934405 0.997583866
1341846459.514102 -0.264802307 0.166422114 0.226139188 -0.004509029 0.053285796 -0.052625153 0.997181475
1341846459.546042 -0.270097136 0.155194089 0.226576865 -0.012737321 0.056901138 -0.071345873 0.995745838
1341846459.578086 -0.267761111 0.149045184 0.232888252 -0.018241096 0.056777507 -0.089122422 0.994233787
1341846459.614088 -0.282981604 0.139273360 0.231449738 -0.019508576 0.055932447 -0.109546922 0.992214918
1341846459.646471 -0.272656173 0.140382975 0.228859797 -0.018573387 0.051972385 -0.127315596 0.990325570
1341846459.682060 -0.276899517 0.141935885 0.222357661 -0.022697099 0.052496985 -0.148705631 0.987226188
1341846459.713908 -0.289842635 0.136843413 0.230015650 -0.026572036 0.052184034 -0.166793540 0.984251320
1341846459.746062 -0.289716691 0.142408893 0.229417965 -0.027625883 0.049087238 -0.183814317 0.981345832
1341846459.782130 -0.291509986 0.137601823 0.225859031 -0.031464338 0.046266396 -0.198560119 0.978490353
1341846459.814161 -0.297911495 0.132852092 0.230968013 -0.033052746 0.044124205 -0.214938179 0.975070357
1341846459.845917 -0.296743870 0.132277176 0.229297444 -0.030345282 0.038175583 -0.229577407 0.972067893
1341846459.881966 -0.282459527 0.138074458 0.226400495 -0.028060535 0.028409980 -0.244429275 0.968844652
1341846459.914201 -0.305220872 0.133350849 0.211144596 -0.036606882 0.026221750 -0.269367129 0.961984277
1341846459.950366 -0.314891309 0.132119313 0.214719445 -0.045877565 0.024499632 -0.292963266 0.954708099
1341846459.982150 -0.312216610 0.141312435 0.222693175 -0.051145844 0.019189203 -0.310100377 0.949133098
1341846460.014318 -0.314067990 0.139716417 0.222752020 -0.057491291 0.013361176 -0.325676531 0.943637192
1341846460.050064 -0.318411261 0.133446574 0.215600386 -0.063843064 0.010444938 -0.342811257 0.937174201
1341846460.082470 -0.326776177 0.149647102 0.216582388 -0.067139626 0.010136985 -0.357071191 0.931605995
1341846460.113981 -0.323620856 0.150386944 0.222159952 -0.070447542 0.003722803 -0.362706780 0.929229259
1341846460.150105 -0.328737319 0.137039125 0.219502240 -0.076195903 -0.000651863 -0.371446252 0.925322354
1341846460.181998 -0.329968989 0.144958109 0.203565940 -0.077316910 -0.001527591 -0.384443700 0.919903696
1341846460.218224 -0.327158302 0.152971208 0.205191404 -0.077644698 -0.002575969 -0.390470833 0.917331636
1341846460.250207 -0.341367185 0.156776935 0.206911474 -0.078540333 -0.003069090 -0.397029430 0.914434075
1341846460.282079 -0.326585054 0.156613648 0.198571399 -0.078915954 -0.005880241 -0.404892057 0.910933673
1341846460.318118 -0.321481258 0.173732340 0.195292085 -0.080796681 -0.006972122 -0.413909554 0.906698525
1341846460.350039 -0.321735770 0.176044315 0.194687843 -0.086950302 -0.009473001 -0.421644092 0.902533174
1341846460.382034 -0.322042227 0.177394137 0.193859845 -0.092586569 -0.012038686 -0.429854959 0.898057640
1341846460.417986 -0.325009465 0.180004954 0.189340666 -0.098294288 -0.013578942 -0.436939120 0.894001126
1341846460.450206 -0.332311451 0.173022658 0.191260666 -0.106798232 -0.015656479 -0.446216196 0.888391852
1341846460.486901 -0.335156530 0.172915936 0.196480453 -0.112927556 -0.019051896 -0.456062794 0.882548094
1341846460.550003 -0.347291470 0.168464929 0.191167563 -0.125140041 -0.024186531 -0.480000198 0.867960155
1341846460.585983 -0.335854411 0.181767821 0.188272491 -0.127211198 -0.027706804 -0.493187100 0.860125721
1341846460.618376 -0.339630067 0.188783497 0.187945843 -0.131252721 -0.031256624 -0.503169298 0.853590369
1341846460.654440 -0.349056840 0.178647146 0.185158163 -0.138672516 -0.034690045 -0.514734805 0.845348775
1341846460.685981 -0.346524894 0.186745942 0.186314166 -0.140835181 -0.035498057 -0.526564419 0.837636709
1341846460.719720 -0.348873079 0.185173377 0.191509947 -0.145325139 -0.038694669 -0.534532428 0.831660092
1341846460.754596 -0.358453989 0.183459103 0.182962358 -0.151731640 -0.040713035 -0.541192472 0.826093674
1341846460.818048 -0.324979395 0.194464430 0.176885903 -0.161632717 -0.045913517 -0.560401142 0.810997844
1341846460.854135 -0.368525267 0.184920073 0.185612157 -0.173621759 -0.042225976 -0.565462112 0.805186391
1341846460.886066 -0.378671765 0.184003383 0.187629253 -0.179466814 -0.040392697 -0.570050180 0.800751448
1341846460.922118 -0.382938206 0.190108299 0.189288080 -0.183037624 -0.036116365 -0.575308502 0.796374977
1341846460.953981 -0.353761315 0.200808942 0.185337946 -0.180921301 -0.036894277 -0.577209353 0.795446813
1341846460.986060 -0.352331102 0.200586006 0.186125815 -0.182272717 -0.036527399 -0.577661812 0.794826567
1341846461.022018 -0.375382662 0.191302419 0.183721095 -0.188379362 -0.032089945 -0.581586599 0.790721476
1341846461.053987 -0.362574279 0.194780618 0.183256656 -0.188940957 -0.030907193 -0.584312975 0.788621902
1341846461.086024 -0.352303863 0.199664906 0.184068963 -0.189185932 -0.029745068 -0.582721710 0.789784431
1341846461.122172 -0.364998400 0.201432437 0.187117934 -0.190342933 -0.025358502 -0.576925457 0.793904006
1341846461.153999 -0.366046488 0.202780217 0.177148223 -0.187045872 -0.019442556 -0.572647631 0.797941506
1341846461.190395 -0.360666096 0.199586809 0.181965530 -0.183469325 -0.013438071 -0.566964030 0.802938521
1341846461.222053 -0.351273537 0.195884436 0.195221961 -0.179521635 -0.012415800 -0.555930614 0.811516464
1341846461.254158 -0.357848287 0.188098922 0.189022362 -0.177476063 -0.009297637 -0.551642001 0.814927638
1341846461.289936 -0.351562321 0.185403749 0.193370029 -0.172348157 -0.007151099 -0.550055027 0.817119658
1341846461.322044 -0.335114598 0.187437326 0.195562840 -0.166696325 -0.009833814 -0.547310412 0.820101857
1341846461.354118 -0.340703994 0.194207236 0.190620154 -0.165257409 -0.009892104 -0.547693789 0.820136428
1341846461.390065 -0.356070578 0.186890140 0.189577430 -0.166442797 -0.006862828 -0.551259398 0.817534626
1341846461.422073 -0.336480081 0.193056449 0.192182660 -0.161279500 -0.006492216 -0.549183071 0.819966376
1341846461.458072 -0.359556973 0.190735728 0.197906941 -0.161255598 -0.002115617 -0.542817712 0.824221492
1341846461.490119 -0.355792403 0.173216760 0.195386320 -0.159042060 -0.001017787 -0.535759211 0.829256713
1341846461.522406 -0.357334554 0.174156070 0.191116020 -0.153725684 0.006552074 -0.525847435 0.836546481
1341846461.558036 -0.316477358 0.167211175 0.196551174 -0.145127833 0.003431752 -0.507757485 0.849181056
1341846461.622229 -0.347294182 0.159702569 0.194085628 -0.139605835 0.011568390 -0.488504171 0.861243308
1341846461.657948 -0.333411932 0.152786449 0.196863458 -0.135508984 0.010311989 -0.478418827 0.867551982
1341846461.726030 -0.324049056 0.154183388 0.197717935 -0.119312145 0.011106417 -0.450283617 0.884808421
1341846461.758483 -0.322157204 0.150341734 0.202523112 -0.112760544 0.013005051 -0.435969591 0.892774582
1341846461.789933 -0.330765694 0.150162950 0.204070672 -0.106518880 0.016739680 -0.420471817 0.900875688
1341846461.826110 -0.329337299 0.146957576 0.208922073 -0.099299677 0.019500094 -0.406570286 0.907997787
1341846461.858118 -0.333771169 0.146560401 0.208720282 -0.088946939 0.023675160 -0.391083241 0.915741146
1341846461.894127 -0.334538132 0.144003391 0.206619903 -0.082168892 0.026693173 -0.376700878 0.922297299
1341846461.926026 -0.329292029 0.140291199 0.206730425 -0.076437280 0.028794251 -0.361921698 0.928623199
1341846461.958215 -0.326378405 0.135907412 0.211624622 -0.070047401 0.030361237 -0.347785056 0.934460938
1341846461.994132 -0.331598192 0.132917508 0.215631023 -0.064920574 0.031838626 -0.333216280 0.940073669
1341846462.026102 -0.334718138 0.123174816 0.209982559 -0.060093936 0.031540837 -0.315490007 0.946498811
1341846462.058066 -0.335972399 0.126639739 0.206190646 -0.054878026 0.030249083 -0.298046350 0.952492476
1341846462.094057 -0.332768083 0.130759731 0.219202667 -0.051546328 0.027905762 -0.281688988 0.957713723
1341846462.126029 -0.342882067 0.123582736 0.218183562 -0.048765335 0.027259046 -0.265375704 0.962525189
1341846462.162124 -0.340965152 0.126810312 0.218853220 -0.041893929 0.024500787 -0.246238828 0.967993379
1341846462.194292 -0.340840369 0.119774863 0.209406316 -0.038207993 0.021660050 -0.228417993 0.972571969
1341846462.226092 -0.343996495 0.116819948 0.219784394 -0.033958789 0.020697426 -0.213891581 0.976047575
1341846462.262203 -0.346573949 0.116063111 0.222671568 -0.028464023 0.017864196 -0.197772816 0.979671717
1341846462.293934 -0.351674795 0.113596372 0.210048959 -0.024976283 0.016115818 -0.184599459 0.982364297
1341846462.325983 -0.357926041 0.120801695 0.208929881 -0.021273248 0.016949378 -0.175412893 0.984119177
1341846462.362050 -0.358207941 0.115516581 0.218626216 -0.018899912 0.016601412 -0.160299107 0.986747921
1341846462.400267 -0.354782403 0.106251962 0.215915263 -0.013480732 0.015325649 -0.143329963 0.989464521
1341846462.431940 -0.355891198 0.109107137 0.214582682 -0.004737268 0.016469272 -0.124681376 0.992048860
1341846462.468003 -0.355190516 0.106592514 0.213257894 0.002034167 0.016612561 -0.106185928 0.994205475
1341846462.500020 -0.357647151 0.103279896 0.207095116 0.007138095 0.017191201 -0.089522950 0.995810866
1341846462.535930 -0.348672807 0.094696678 0.204654574 0.012006948 0.018668488 -0.072167061 0.997145593
1341846462.567947 -0.342184812 0.080470182 0.200191706 0.018418927 0.020699710 -0.054233607 0.998143792
1341846462.599970 -0.345004112 0.083105989 0.197860956 0.026591549 0.022891659 -0.037315834 0.998687387
1341846462.635989 -0.345923483 0.080501691 0.198136240 0.032317702 0.024513748 -0.019212345 0.998992264
1341846462.668003 -0.345963836 0.081757374 0.190516710 0.036095351 0.024301738 -0.005891449 0.999035478
1341846462.704029 -0.345317632 0.085546434 0.194376990 0.039406490 0.024700381 0.010040453 0.998867512
1341846462.735984 -0.348195106 0.082123570 0.189330712 0.039220437 0.024268407 0.024600610 0.998632908
1341846462.768046 -0.347311884 0.076393954 0.188906446 0.038536161 0.021634351 0.048444681 0.997847736
1341846462.803937 -0.342192113 0.075374253 0.191235438 0.040455051 0.020068815 0.066905946 0.996736825
1341846462.835950 -0.341620177 0.072083801 0.192992955 0.042562958 0.020169880 0.083150625 0.995423377
1341846462.871842 -0.341602772 0.071042046 0.191018134 0.046183378 0.020206900 0.101046376 0.993603826
1341846462.904097 -0.332434863 0.064646557 0.189002469 0.048900772 0.021425882 0.113742158 0.992074788
1341846462.966029 -0.334273815 0.055395953 0.190908104 0.056512609 0.027304070 0.127831861 0.989807963
1341846462.998172 -0.328749865 0.049429763 0.186546057 0.063580662 0.026795320 0.138094261 0.988012969
1341846463.029970 -0.334806889 0.055971637 0.189233392 0.069086276 0.028362226 0.143765211 0.986789882
1341846463.066067 -0.337281138 0.055752061 0.184568554 0.070694499 0.028583916 0.153409347 0.985216200
1341846463.098088 -0.334686339 0.054598518 0.179464802 0.071709096 0.027127381 0.168103695 0.982783377
1341846463.134111 -0.330520451 0.056460284 0.182225406 0.072871931 0.027118120 0.183043003 0.980025351
1341846463.165917 -0.327316254 0.054270610 0.180172533 0.074315563 0.028660808 0.202888399 0.975957036
1341846463.198310 -0.325883716 0.055634648 0.182609186 0.075447090 0.031123646 0.223331809 0.971319735
1341846463.234037 -0.330771476 0.056336526 0.178053543 0.074420877 0.033988830 0.236616194 0.968152404
1341846463.265874 -0.327962518 0.053418323 0.176916867 0.073034771 0.034975447 0.248774230 0.965170562
1341846463.298219 -0.323435605 0.043853190 0.183082372 0.074687578 0.034892071 0.258839369 0.962396204
1341846463.334210 -0.316134691 0.040080599 0.177642837 0.078817420 0.035344843 0.269079864 0.959236503
1341846463.365995 -0.313881785 0.038067382 0.176669031 0.085632786 0.035460170 0.280208468 0.955454290
1341846463.402065 -0.311837375 0.036713503 0.175996587 0.091761865 0.036104564 0.287213624 0.952777326
1341846463.434179 -0.310107887 0.036731750 0.174145073 0.095035873 0.037728097 0.294308424 0.950224876
1341846463.466070 -0.309328765 0.035901051 0.178225249 0.099768572 0.040705211 0.302863240 0.946923018
1341846463.501955 -0.309542954 0.035791393 0.175956577 0.104607485 0.043070562 0.310363919 0.943862557
1341846463.534089 -0.309767216 0.036576077 0.174540728 0.107318535 0.044955019 0.319548130 0.940399289
1341846463.566060 -0.309187442 0.035469901 0.175986335 0.109150015 0.046736605 0.327925712 0.937212169
1341846463.601907 -0.309916437 0.035721406 0.174320489 0.110950872 0.048497390 0.336411834 0.933897734
1341846463.634009 -0.309085131 0.035809532 0.174240723 0.112623684 0.048074160 0.342558116 0.931482077
1341846463.670261 -0.310790300 0.038568936 0.170631930 0.112885103 0.048119757 0.349852920 0.928732693
1341846463.702198 -0.306867152 0.036384188 0.175125018 0.112707645 0.051228743 0.357399970 0.925709367
1341846463.734494 -0.307685971 0.034762658 0.177912489 0.115125798 0.053853825 0.366921484 0.921528339
1341846463.770159 -0.310634345 0.037624419 0.170957699 0.117797397 0.052869320 0.377486467 0.916969240
1341846463.804734 -0.309294164 0.040075116 0.168602273 0.118207127 0.053577852 0.387554437 0.912665367
1341846463.836811 -0.309100389 0.040050417 0.167566672 0.117813759 0.056779996 0.397714645 0.908140481
1341846463.902572 -0.308845282 0.040689290 0.167014867 0.117210768 0.062881656 0.420247406 0.897607744
1341846463.938656 -0.305738091 0.042172000 0.169644862 0.119883351 0.065438904 0.433229774 0.890874684
1341846464.006721 -0.313950002 0.045282125 0.161233902 0.122163303 0.069210857 0.457141250 0.878241360
1341846464.070293 -0.313518018 0.046975315 0.155728295 0.120909885 0.074797966 0.482915640 0.864047825
1341846464.106086 -0.313973665 0.048095077 0.157625258 0.120034702 0.076852947 0.496384501 0.856322229
1341846464.138960 -0.320096672 0.059689075 0.174293026 0.119376749 0.079254292 0.507863879 0.849436402
1341846464.170247 -0.308272034 0.064767063 0.171060652 0.119517282 0.082935743 0.524388015 0.838960409
1341846464.206089 -0.309942484 0.049715370 0.155660331 0.123105787 0.090863772 0.547063947 0.822988331
1341846464.238124 -0.320673823 0.068719029 0.169463843 0.127583578 0.094713986 0.558850527 0.813902855
1341846464.270037 -0.320605278 0.069437221 0.176757008 0.124657460 0.099327631 0.572522521 0.804246545
1341846464.306089 -0.302940249 0.077192292 0.189984113 0.122542083 0.102413222 0.584473372 0.795541227
1341846464.337963 -0.296782434 0.067426369 0.167290092 0.128861159 0.106918454 0.598398507 0.783506513
1341846464.374148 -0.294934034 0.062965631 0.166835889 0.142093867 0.110963278 0.611580849 0.770367086
1341846464.406125 -0.301768363 0.081881136 0.193897620 0.154614523 0.117499061 0.616800666 0.762787879
1341846464.438109 -0.302395493 0.093432009 0.197140023 0.161346018 0.126639411 0.624176502 0.753879130
1341846464.474154 -0.310887635 0.086961478 0.179048210 0.161230624 0.133353606 0.633197069 0.745173156
1341846464.506083 -0.318971455 0.084647894 0.177973896 0.159463212 0.138715044 0.639130056 0.739487946
1341846464.538050 -0.326019824 0.091101974 0.168787405 0.156184465 0.142747715 0.643639624 0.735498190
1341846464.573969 -0.328701437 0.088956594 0.163375497 0.149239033 0.147828907 0.648485363 0.731670082
1341846464.606003 -0.315162241 0.091497958 0.166418880 0.144144535 0.150386512 0.656067312 0.725383997
1341846464.642006 -0.332253993 0.095651269 0.166331053 0.140828550 0.154652745 0.658523679 0.722908378
1341846464.674030 -0.333507150 0.103943616 0.178215295 0.134550288 0.157888830 0.660703838 0.721413732
1341846464.706178 -0.336997986 0.102768362 0.171632811 0.127431497 0.162332207 0.667165160 0.715751529
1341846464.741977 -0.330273718 0.106139690 0.167602837 0.119366676 0.161905020 0.674253464 0.710577726
1341846464.774027 -0.309728682 0.112180650 0.182518899 0.115309946 0.160917535 0.679399431 0.706559002
1341846464.806072 -0.327359468 0.112135589 0.165463060 0.112290397 0.163478687 0.679074705 0.706769526
1341846464.842191 -0.326175272 0.114007294 0.174684584 0.106277235 0.163729027 0.681771755 0.705042779
1341846464.873987 -0.321543097 0.110826641 0.178375155 0.103744082 0.162529901 0.683535039 0.703989387
1341846464.910024 -0.347435474 0.111846119 0.162776098 0.101696454 0.163893491 0.682901859 0.704586267
1341846464.941952 -0.342388988 0.112162381 0.165784329 0.091046982 0.162219569 0.687854230 0.701606691
1341846464.974022 -0.339082539 0.113383383 0.165160999 0.084997997 0.160997659 0.691505790 0.699052870
1341846465.010148 -0.338791132 0.114133358 0.165481776 0.081059009 0.157812640 0.697402894 0.694373012
1341846465.042073 -0.340835363 0.119066417 0.167338133 0.078055479 0.155274212 0.701991141 0.690656006
1341846465.078033 -0.343918920 0.117294967 0.165965497 0.074167177 0.153601393 0.704505920 0.688895702
1341846465.110007 -0.336398005 0.117199510 0.162094161 0.069031164 0.147684649 0.705688417 0.689512849
1341846465.142010 -0.341574192 0.119910061 0.174657807 0.068869330 0.145622954 0.704265416 0.691419780
1341846465.177973 -0.348841012 0.117684275 0.167503312 0.067042716 0.143602103 0.703669786 0.692627370
1341846465.210092 -0.349067688 0.117071569 0.164108902 0.062506579 0.139156744 0.701917171 0.695730269
1341846465.241909 -0.352813840 0.119825959 0.170514151 0.059985921 0.136920363 0.700125933 0.698196471
1341846465.278006 -0.351257443 0.118654221 0.167546466 0.057020139 0.135122538 0.698264062 0.700655341
1341846465.310248 -0.345732480 0.123931855 0.175667629 0.056870483 0.132534817 0.697236180 0.702183783
1341846465.346076 -0.360102981 0.118902147 0.172973990 0.057432871 0.132785454 0.691288292 0.707947731
1341846465.377895 -0.357797354 0.120003283 0.173247606 0.055573199 0.130812973 0.684832692 0.714705348
1341846465.409986 -0.354350567 0.120823830 0.168141678 0.052827716 0.129398376 0.675887764 0.723630428
1341846465.446399 -0.353045315 0.122399122 0.167604297 0.049679860 0.128529295 0.666878879 0.732314646
1341846465.478000 -0.351136982 0.122683853 0.173870564 0.049527939 0.129073516 0.657145679 0.740976810
1341846465.510268 -0.347466886 0.122054249 0.166612178 0.051255092 0.129806563 0.648330688 0.748458803
1341846465.545952 -0.350369066 0.123287410 0.164907739 0.051594302 0.129873842 0.638941944 0.756454945
1341846465.578109 -0.348865092 0.116838515 0.164716989 0.049839627 0.129314169 0.629864275 0.764241397
1341846465.614033 -0.344656378 0.122246146 0.166199237 0.050238930 0.125661895 0.619131565 0.773538172
1341846465.646071 -0.355409622 0.116381586 0.163403347 0.049571395 0.125324711 0.609513283 0.781236172
1341846465.678057 -0.347227752 0.116192222 0.160403952 0.046460629 0.119313888 0.603582978 0.786951900
1341846465.713982 -0.350284904 0.115860969 0.166195825 0.047284625 0.118565306 0.595474422 0.793168724
1341846465.745991 -0.343423307 0.116996348 0.163734406 0.047978126 0.116487503 0.588846624 0.798366129
1341846465.778260 -0.345655292 0.116551995 0.162140295 0.047970131 0.113214187 0.579108417 0.805924833
1341846465.814116 -0.349383444 0.120739207 0.165323675 0.047904771 0.111558452 0.566841841 0.814831436
1341846465.845994 -0.349738687 0.119270846 0.165081903 0.050006017 0.111176662 0.555190027 0.822741270
1341846465.882074 -0.350811392 0.118148595 0.159347773 0.050100487 0.107345633 0.543639421 0.830917060
1341846465.913915 -0.353122443 0.120750934 0.160276741 0.048210949 0.102800094 0.530022681 0.840347409
1341846465.946253 -0.360826939 0.118269444 0.157082886 0.044694349 0.100751773 0.512713969 0.851455212
1341846465.982097 -0.360855639 0.115321606 0.144391179 0.037161276 0.094330497 0.498230129 0.861096799
1341846466.014088 -0.362666398 0.123755813 0.159769267 0.032429364 0.089260131 0.484268516 0.869749963
1341846466.046055 -0.360942960 0.122663677 0.162377045 0.031032225 0.088642634 0.474207222 0.875389636
1341846466.082006 -0.364553183 0.120428815 0.157064155 0.032027468 0.087109439 0.463781297 0.881074965
1341846466.114092 -0.369165868 0.127778694 0.160706714 0.031972386 0.085413955 0.451519936 0.887587786
1341846466.149988 -0.368631572 0.126813829 0.165836364 0.031043325 0.086125799 0.441165030 0.892744124
1341846466.182235 -0.360894024 0.117725864 0.154023647 0.030111870 0.083908200 0.433053821 0.896948814
1341846466.227775 -0.378604382 0.113660797 0.149474487 0.026968630 0.081268437 0.419473618 0.903720081
1341846466.282054 -0.374777973 0.121919572 0.155345634 0.015897570 0.079557955 0.381597430 0.920761287
1341846466.318013 -0.371045649 0.122302450 0.156154752 0.016311357 0.075670771 0.365329236 0.927654266
1341846466.350104 -0.371086627 0.125054166 0.161224172 0.016549204 0.075029425 0.349913120 0.933626056
1341846466.418103 -0.360627770 0.116888419 0.163197771 0.016632950 0.075533122 0.333370626 0.939618111
1341846466.450241 -0.352943182 0.114825740 0.166219518 0.025969774 0.076434076 0.331852406 0.939870954
1341846466.482241 -0.358058780 0.119261123 0.166969657 0.036046520 0.078892432 0.324556947 0.941880822
1341846466.518064 -0.363351017 0.129814446 0.165662542 0.040535115 0.080400981 0.314861715 0.944857001
1341846466.550013 -0.359070122 0.126308188 0.163184807 0.037656028 0.081008881 0.304214299 0.948405623
1341846466.586129 -0.356875122 0.126125336 0.166985005 0.035707299 0.082337834 0.289851367 0.952854514
1341846466.617891 -0.358486354 0.121983938 0.169288784 0.034850094 0.082505830 0.273483545 0.957697809
1341846466.650067 -0.353148729 0.119679034 0.173614606 0.032295965 0.078829400 0.259330988 0.962024152
1341846466.686119 -0.361263812 0.133536905 0.182903722 0.028712500 0.080118619 0.243204996 0.966233969
1341846466.718096 -0.356385440 0.120000891 0.183658957 0.023404479 0.080713257 0.234302402 0.968524694
1341846466.750165 -0.356209338 0.121042766 0.188281327 0.023531333 0.078795210 0.225471780 0.970772982
1341846466.786075 -0.347405791 0.131482407 0.196223989 0.021231653 0.079082608 0.213554263 0.973493576
1341846466.817996 -0.344484746 0.125594884 0.194881469 0.016619770 0.081615880 0.202667445 0.975699008
1341846466.854152 -0.353299022 0.122622401 0.193952456 0.014544109 0.081537135 0.195369720 0.977226198
1341846466.886138 -0.349474937 0.136421263 0.199745268 0.013626284 0.079143830 0.188777238 0.978730679
1341846466.918000 -0.352961540 0.143927559 0.201633126 0.005535660 0.082106590 0.172640875 0.981541157
1341846466.954116 -0.355594456 0.136254519 0.196926296 -0.002437281 0.080493689 0.160296977 0.983778298
1341846466.986117 -0.343821108 0.148622632 0.203668043 -0.007434867 0.075958639 0.150626943 0.985640228
1341846467.018002 -0.340013444 0.147385851 0.202589884 -0.016591066 0.077905558 0.132596716 0.987964392
1341846467.054121 -0.337224007 0.145412698 0.206980899 -0.022029245 0.077897437 0.120862037 0.989363015
1341846467.086519 -0.338257581 0.135785669 0.207417548 -0.024591807 0.074248895 0.110137634 0.990833998
1341846467.122117 -0.321860135 0.141839176 0.212084398 -0.025594342 0.069856577 0.096540362 0.992544770
1341846467.154292 -0.321863264 0.129406899 0.213307947 -0.026157312 0.071308896 0.084718071 0.993505776
1341846467.221944 -0.318895906 0.137228012 0.206549197 -0.014241318 0.062615551 0.067219526 0.995669603
1341846467.254128 -0.318585992 0.146693587 0.202777445 -0.016906723 0.060313016 0.055089533 0.996514797
1341846467.290073 -0.310954690 0.134454623 0.203689605 -0.023252169 0.055494778 0.044721603 0.997185886
1341846467.322189 -0.309346557 0.142680928 0.200920492 -0.024790399 0.049961172 0.035147276 0.997824669
1341846467.354092 -0.293693006 0.139377743 0.200144634 -0.028209867 0.040083576 0.027005708 0.998432934
1341846467.390082 -0.298002452 0.135368630 0.193656862 -0.029309880 0.035123412 0.016566042 0.998815715
1341846467.422206 -0.289096087 0.137896046 0.193800852 -0.028085250 0.028103940 0.010830238 0.999151707
1341846467.454073 -0.286852419 0.136112079 0.190953746 -0.024785480 0.021477867 0.007096183 0.999436915
1341846467.490150 -0.283774912 0.128252506 0.183621451 -0.018183401 0.013932707 0.004005366 0.999729574
1341846467.522115 -0.275073409 0.123680927 0.170137435 -0.010931171 0.007912315 0.002720990 0.999905288
1341846467.558053 -0.267226726 0.123874076 0.161294624 -0.002431769 0.002770548 -0.000509939 0.999993086
1341846467.589949 -0.263333201 0.119878113 0.149593219 0.005897061 -0.002344711 0.000216092 0.999979854
1341846467.622077 -0.258886635 0.116474546 0.144709036 0.016023438 -0.008944042 0.000965601 0.999831200
1341846467.658139 -0.243631572 0.110453784 0.133686990 0.027630327 -0.015482066 0.007118929 0.999472976
1341846467.690047 -0.247865126 0.114897050 0.139401644 0.041197617 -0.019809717 0.014638997 0.998847365
1341846467.721985 -0.228613988 0.135224193 0.135366425 0.054722469 -0.031972669 0.021423172 0.997759640
1341846467.758049 -0.221866682 0.141559392 0.118879661 0.058802933 -0.039827481 0.025008056 0.997161269
1341846467.789943 -0.212148964 0.155007392 0.095674627 0.059499487 -0.045691784 0.025974434 0.996843755
1341846467.826009 -0.206789911 0.166631848 0.095962442 0.056135736 -0.051490378 0.025637049 0.996764898
1341846467.858121 -0.194045559 0.157621250 0.098007768 0.052347504 -0.060022295 0.027918506 0.996432424
1341846467.890215 -0.179726452 0.159412742 0.089927845 0.053317692 -0.066214383 0.030573111 0.995910704
1341846467.926038 -0.167864159 0.164576739 0.078224011 0.053629037 -0.069322370 0.028637419 0.995740056
1341846467.957994 -0.161258563 0.163618505 0.073131278 0.052265514 -0.070870578 0.026835160 0.995753765
1341846467.990124 -0.152995631 0.170992792 0.057724588 0.051591735 -0.073988497 0.026103880 0.995581567
1341846468.026228 -0.146103039 0.191862658 0.046024650 0.047358949 -0.075556114 0.025614269 0.995686889
1341846468.058002 -0.133087352 0.180757001 0.036076348 0.038607821 -0.075436100 0.023063114 0.996136010
1341846468.094305 -0.131246373 0.186340511 0.032290310 0.033629287 -0.073640466 0.021752955 0.996480286
1341846468.126042 -0.126304775 0.195567280 0.023828276 0.026904300 -0.074649282 0.025584502 0.996518493
1341846468.158486 -0.113075264 0.210636944 0.031344179 0.019054135 -0.074829176 0.027035594 0.996647716
1341846468.194517 -0.093803935 0.215443864 0.034463037 0.008491193 -0.070924684 0.023566047 0.997167110
1341846468.226561 -0.085013315 0.219379172 0.027129333 -0.005067858 -0.065209068 0.018237853 0.997692108
1341846468.258171 -0.079980657 0.212641463 0.025098652 -0.017916270 -0.060050484 0.011559126 0.997967601
1341846468.309995 -0.049792077 0.220800430 0.018817026 -0.024524270 -0.056878954 0.008313166 0.998045206
1341846468.335863 -0.042147566 0.214335695 0.009571061 -0.033156101 -0.048071973 0.002902786 0.998289227
1341846468.400413 -0.065580875 0.203457072 0.005469294 -0.042236183 -0.036178075 0.003639768 0.998445809
1341846468.462095 -0.049865223 0.213962808 -0.008209529 -0.047342692 -0.029614514 0.002399961 0.998436749
1341846468.494284 -0.044609804 0.203068554 -0.008574480 -0.050804194 -0.027650945 0.005307344 0.998311698
1341846468.529997 -0.037880931 0.202121705 -0.013540831 -0.050082464 -0.026829483 0.008355692 0.998349726
1341846468.562003 -0.039111942 0.208667994 -0.023956753 -0.050196443 -0.023275960 0.005418929 0.998453438
1341846468.594314 -0.035633706 0.205973461 -0.016532743 -0.051961880 -0.020173186 0.003921183 0.998437583
1341846468.630018 -0.032979887 0.199789539 -0.014432421 -0.051828124 -0.019400312 0.006196300 0.998448431
1341846468.662064 -0.028624600 0.206987903 -0.024584973 -0.049798347 -0.018920198 0.005228582 0.998566449
1341846468.694446 -0.013474940 0.202921584 -0.008553140 -0.051178884 -0.017344998 0.004089066 0.998530507
1341846468.730126 -0.014621384 0.190153018 -0.011526693 -0.048956010 -0.014652864 0.002011718 0.998691440
1341846468.762147 -0.017247722 0.196389854 -0.022501845 -0.044041615 -0.014589135 0.005119880 0.998910069
1341846468.797962 -0.008956990 0.196167320 -0.017184839 -0.042514417 -0.014822119 0.006223804 0.998966515
1341846468.830113 0.001929192 0.196400896 -0.011684329 -0.042180866 -0.013206262 0.002814313 0.999018788
1341846468.862077 -0.007593203 0.184350029 -0.020028392 -0.041494824 -0.010746610 0.003444581 0.999074996
1341846468.897982 -0.007607119 0.191737428 -0.019421788 -0.036607966 -0.010745583 0.005565270 0.999256492
1341846468.930161 0.000711677 0.193727732 -0.021933042 -0.034412034 -0.009264857 0.005497644 0.999349713
1341846468.962214 0.000354891 0.193890452 -0.021188803 -0.033538375 -0.006297138 0.004739505 0.999406397
1341846468.998002 -0.005019562 0.189809412 -0.018163804 -0.032637820 -0.005336683 0.006352005 0.999432862
1341846469.030028 -0.002135234 0.186655700 -0.016062483 -0.029016541 -0.006747760 0.010430197 0.999501765
1341846469.066173 0.001571038 0.192529574 -0.022800030 -0.025421826 -0.005822653 0.010229404 0.999607503
1341846469.098358 -0.004552359 0.197462484 -0.024277259 -0.025799399 -0.005638598 0.010714530 0.999593854
1341846469.131076 0.006600789 0.195969656 -0.016122019 -0.026496684 -0.007739180 0.012729688 0.999537885
1341846469.166463 0.011790259 0.189883605 -0.016536115 -0.025644083 -0.006841556 0.011472947 0.999581933
1341846469.198284 0.011043602 0.190852165 -0.016684368 -0.023645513 -0.005603833 0.012965024 0.999620676
1341846469.242554 0.009671748 0.190240875 -0.015337588 -0.021886623 -0.005359877 0.014161501 0.999645829
1341846469.272447 0.009274314 0.196262076 -0.018039770 -0.020264653 -0.004744696 0.012658659 0.999703288
1341846469.339987 0.018238284 0.191610336 -0.014362042 -0.020969400 -0.003192379 0.012947754 0.999691188
1341846469.398298 0.019398084 0.194918618 -0.017451886 -0.021963274 -0.000396914 0.011868273 0.999688268
1341846469.434042 0.022899754 0.195262253 -0.015346970 -0.023166792 0.002305910 0.010147503 0.999677479
1341846469.466076 0.012875040 0.198077425 -0.019524749 -0.023532333 0.004901519 0.009959376 0.999661446
1341846469.502529 0.017507324 0.201535210 -0.021678813 -0.024846878 0.004193597 0.011955577 0.999610960
1341846469.534729 0.025010200 0.200017363 -0.019905098 -0.027785696 0.005059971 0.010398223 0.999547064
1341846469.566597 0.021953331 0.200291485 -0.019073784 -0.029262299 0.007673502 0.009488532 0.999497354
1341846469.602391 0.016038409 0.197391495 -0.024908496 -0.030461567 0.008703633 0.009881279 0.999449253
1341846469.634717 0.025658043 0.202965036 -0.021523237 -0.030882442 0.007917836 0.009334412 0.999448061
1341846469.667242 0.027185161 0.199626833 -0.023903506 -0.032398224 0.010055680 0.007242589 0.999398232
1341846469.702595 0.025506377 0.199539244 -0.020886308 -0.033441935 0.010770242 0.008106366 0.999349833
1341846469.734373 0.028884113 0.196882248 -0.025986262 -0.033532903 0.011131993 0.008497703 0.999339581
1341846469.771003 0.028596869 0.197821841 -0.023792658 -0.032561917 0.013511225 0.007665487 0.999348998
1341846469.803099 0.020203086 0.199054703 -0.028151562 -0.031923760 0.015750550 0.007941670 0.999334693
1341846469.834283 0.022829687 0.198224992 -0.026913704 -0.032696743 0.016221365 0.008096199 0.999300957
1341846469.871263 0.029834185 0.200514540 -0.025156105 -0.032410402 0.017463055 0.006939006 0.999298036
1341846469.902171 0.028478447 0.193743810 -0.028571414 -0.032949112 0.018953778 0.008272992 0.999243081
1341846469.934183 0.031048350 0.192760795 -0.022693072 -0.032138854 0.018783422 0.010118141 0.999255776
1341846469.969991 0.032049824 0.191840738 -0.028118525 -0.029857403 0.019708354 0.010207925 0.999307692
1341846470.002102 0.035946365 0.197368070 -0.032104217 -0.027041720 0.021414062 0.009991759 0.999355018
1341846470.038184 0.030701630 0.189078942 -0.028524093 -0.027617212 0.022721823 0.013122275 0.999274135
1341846470.070096 0.037042905 0.191671237 -0.036315836 -0.025537299 0.022621896 0.014343253 0.999315023
1341846470.107943 0.038913056 0.184452534 -0.032363616 -0.023861142 0.025005950 0.016418727 0.999267638
1341846470.170125 0.043678351 0.181256577 -0.042139944 -0.014930120 0.026323531 0.023561286 0.999264300
1341846470.202144 0.046959970 0.183861941 -0.040443648 -0.012346948 0.028147869 0.023098396 0.999260604
1341846470.238185 0.042192865 0.178799003 -0.039436687 -0.009996066 0.030685743 0.024669029 0.999174654
1341846470.269875 0.041838605 0.174775511 -0.042155597 -0.007015081 0.029811855 0.028455408 0.999125779
1341846470.306072 0.046032786 0.177988142 -0.045072943 -0.003896116 0.029328443 0.029915830 0.999114454
1341846470.337953 0.050371163 0.177969337 -0.039932132 -0.001264001 0.030844171 0.029157542 0.999098063
1341846470.370014 0.041926518 0.172678888 -0.040490322 0.000249218 0.031483758 0.030694520 0.999032795
1341846470.405987 0.047251049 0.173947096 -0.039648611 0.002743105 0.029483762 0.032769706 0.999024212
1341846470.438051 0.049003661 0.171858341 -0.043610785 0.004157181 0.029454233 0.032340009 0.999034226
1341846470.470041 0.042787537 0.173283458 -0.041528303 0.005734209 0.029652847 0.031365544 0.999051630
1341846470.506110 0.044589702 0.169001073 -0.044076905 0.006623646 0.027734468 0.033461276 0.999033153
1341846470.538167 0.047470674 0.171366140 -0.045107659 0.008632986 0.027381256 0.032691412 0.999053061
1341846470.573973 0.045730181 0.174358070 -0.043394357 0.009378893 0.027190296 0.033022013 0.999040663
1341846470.606133 0.046959035 0.171359256 -0.044189829 0.009459229 0.025985241 0.034152925 0.999033988
